config,prior,tv,entropy,score,profile_rmse,global_corr,blr_corr,radial_corr,amp_chi2,phase_chi2,variant,variant_label
baseline,0.1,0.045,0.01,0.486925763824851,0.4318675526167296,0.8445806643116429,0.7247089439593931,0.9403353658805222,0.9223727368112762,0.5956444520198102,broad_plume_irregular_blr,broad plume + irregular BLR
p0_tv0_e0,0.0,0.0,0.0,0.4616084861022497,0.4090201751857144,0.8488320293660384,0.7370584454173235,0.9412409294045174,0.9208432994203939,0.5958905925748043,broad_plume_irregular_blr,broad plume + irregular BLR
p0_tv0_e0p005,0.0,0.0,0.005,0.47456465203814985,0.420265324748483,0.8456448625778954,0.7285033635516658,0.9410172348607801,0.9224415377889152,0.5952662552883409,broad_plume_irregular_blr,broad plume + irregular BLR
p0_tv0p01_e0,0.0,0.01,0.0,0.4725804821128877,0.4188486972809218,0.8465815321495282,0.7313410758401704,0.9409285259100114,0.9214854849399775,0.5959012974277654,broad_plume_irregular_blr,broad plume + irregular BLR
p0_tv0p01_e0p005,0.0,0.01,0.005,0.47475384108627217,0.4207517752319736,0.8460316026197032,0.7299896707285071,0.9407262688431556,0.9217805480492973,0.5954021769883844,broad_plume_irregular_blr,broad plume + irregular BLR
p0_tv0p03_e0,0.0,0.03,0.0,0.463292059969236,0.4114559508334372,0.8499926515804301,0.740819454321006,0.941089609518086,0.9201787942272392,0.595846033830185,broad_plume_irregular_blr,broad plume + irregular BLR
p0_tv0p03_e0p005,0.0,0.03,0.005,0.4651698461183439,0.41281950067741,0.8497031664686118,0.7382482727953308,0.9415366889294043,0.920974076548428,0.594601211308734,broad_plume_irregular_blr,broad plume + irregular BLR
p0_tv0p06_e0,0.0,0.06,0.0,0.4660114786370551,0.4131742491181582,0.8491402151575723,0.7358138524055154,0.9413093476612823,0.9244251681370286,0.5949035362379597,broad_plume_irregular_blr,broad plume + irregular BLR
p0_tv0p06_e0p005,0.0,0.06,0.005,0.46191599329109345,0.4090833472815451,0.8486846318591578,0.7358367699522582,0.9410266049074003,0.9211449558374258,0.5961696991232079,broad_plume_irregular_blr,broad plume + irregular BLR
p0p03_tv0_e0,0.03,0.0,0.0,0.47181839991022173,0.417850912536763,0.8458621330538132,0.7301625631327063,0.9406423502839516,0.92107834704312,0.5960001129332803,broad_plume_irregular_blr,broad plume + irregular BLR
p0p03_tv0_e0p005,0.03,0.0,0.005,0.457198156740125,0.40602574607922426,0.8519739712473269,0.7441379466954964,0.9418981027654888,0.9204532083423758,0.5956665751607738,broad_plume_irregular_blr,broad plume + irregular BLR
p0p03_tv0p01_e0,0.03,0.01,0.0,0.4707866869680447,0.4173997168364969,0.8478096715787063,0.7330651493422611,0.9402367345431677,0.9229583031582261,0.5950180716641572,broad_plume_irregular_blr,broad plume + irregular BLR
p0p03_tv0p01_e0p005,0.03,0.01,0.005,0.47540123028670456,0.4215849923690415,0.8468871111358501,0.7309188104116847,0.9410942756387991,0.9197103959882774,0.5961975945946496,broad_plume_irregular_blr,broad plume + irregular BLR
p0p03_tv0p03_e0,0.03,0.03,0.0,0.475142332673545,0.42107237630553646,0.8460164869762371,0.7296502181599572,0.9403082190719216,0.9216150618955432,0.5959038936107521,broad_plume_irregular_blr,broad plume + irregular BLR
p0p03_tv0p03_e0p005,0.03,0.03,0.005,0.47095601220023053,0.4171476365219824,0.846185018275608,0.7309581216087592,0.9404434306493692,0.9235357995476938,0.5951383859213977,broad_plume_irregular_blr,broad plume + irregular BLR
p0p03_tv0p06_e0,0.03,0.06,0.0,0.4675226191012761,0.4136763637002207,0.8461685749768026,0.730768722994723,0.9405628497354974,0.9214400352905577,0.5959031701423922,broad_plume_irregular_blr,broad plume + irregular BLR
p0p03_tv0p06_e0p005,0.03,0.06,0.005,0.479638154758493,0.4250933842448227,0.8458044735331544,0.7272761474316485,0.9411734815192975,0.92115406619479,0.5958894730611373,broad_plume_irregular_blr,broad plume + irregular BLR
p0p08_tv0_e0,0.08,0.0,0.0,0.4752695772937742,0.4207605295479123,0.8449238404661792,0.7274547612706904,0.9403263929852519,0.921868559285067,0.5958814391118158,broad_plume_irregular_blr,broad plume + irregular BLR
p0p08_tv0_e0p005,0.08,0.0,0.005,0.4646120688511195,0.41172967507555197,0.8489040447584894,0.7355880311221625,0.9406881627547505,0.923996094793146,0.5940311840858612,broad_plume_irregular_blr,broad plume + irregular BLR
p0p08_tv0p01_e0,0.08,0.01,0.0,0.463405363441008,0.4105981752753831,0.8483235928035912,0.7359640591718756,0.9409711345159698,0.9195515937639037,0.5969302593312449,broad_plume_irregular_blr,broad plume + irregular BLR
p0p08_tv0p01_e0p005,0.08,0.01,0.005,0.4764763829644208,0.42196103838167004,0.8452464422987097,0.7274232770862463,0.9405645994970973,0.9241592484628799,0.5949756103751014,broad_plume_irregular_blr,broad plume + irregular BLR
p0p08_tv0p03_e0,0.08,0.03,0.0,0.4664469079225656,0.41358509767236284,0.8477731688537166,0.7356909487489861,0.940411463325582,0.9222585953284603,0.5956549362142717,broad_plume_irregular_blr,broad plume + irregular BLR
p0p08_tv0p03_e0p005,0.08,0.03,0.005,0.4755754078409739,0.42117045382463864,0.8453828163171251,0.7279752299183236,0.9404948510243071,0.9217026124557032,0.5958761830855173,broad_plume_irregular_blr,broad plume + irregular BLR
p0p08_tv0p06_e0,0.08,0.06,0.0,0.47217454304517703,0.4184684929922309,0.8469806973033923,0.7314697497352691,0.94024796766877,0.9227775184845515,0.5956655724563793,broad_plume_irregular_blr,broad plume + irregular BLR
p0p08_tv0p06_e0p005,0.08,0.06,0.005,0.4764554123355509,0.4219475123993605,0.8450551787899718,0.7274605003190482,0.940369472564046,0.9222097771967415,0.5962730260705901,broad_plume_irregular_blr,broad plume + irregular BLR
p0p15_tv0_e0,0.15,0.0,0.0,0.4591053925719781,0.40744290659217675,0.8510194909565136,0.7416875701009933,0.9411211025396984,0.9233527238304597,0.5954918169269832,broad_plume_irregular_blr,broad plume + irregular BLR
p0p15_tv0_e0p005,0.15,0.0,0.005,0.46181344689027154,0.40960121572067815,0.8486097084952076,0.738938844152033,0.9406055609454685,0.9225498259138142,0.5963610181208597,broad_plume_irregular_blr,broad plume + irregular BLR
p0p15_tv0p01_e0,0.15,0.01,0.0,0.4588014710393118,0.406220043395349,0.8483831005776782,0.737092861780186,0.9407155311585836,0.9241699801900988,0.596055127778144,broad_plume_irregular_blr,broad plume + irregular BLR
p0p15_tv0p01_e0p005,0.15,0.01,0.005,0.465381173996785,0.4120641184270914,0.8471575509540937,0.733414722151532,0.9404835374061319,0.927306361067415,0.5956939709798554,broad_plume_irregular_blr,broad plume + irregular BLR
p0p15_tv0p03_e0,0.15,0.03,0.0,0.4583187924509994,0.40652996608747477,0.8489419237907089,0.741055868182377,0.9409621868112501,0.9245263388568423,0.5957629482395678,broad_plume_irregular_blr,broad plume + irregular BLR
p0p15_tv0p03_e0p005,0.15,0.03,0.005,0.47091206778590333,0.41730976446498635,0.8460270590443667,0.7319884833954151,0.9401945989143891,0.9211608999249966,0.5962200847719177,broad_plume_irregular_blr,broad plume + irregular BLR
p0p15_tv0p06_e0,0.15,0.06,0.0,0.46483373294564323,0.410702676906874,0.8455550559118025,0.7293447198061539,0.9399637389280002,0.9233014082057138,0.595160498412819,broad_plume_irregular_blr,broad plume + irregular BLR
p0p15_tv0p06_e0p005,0.15,0.06,0.005,0.4605022459911098,0.4082290594245817,0.8492587651832056,0.7386340671673598,0.9403414911519371,0.9228670594369579,0.5957971157579195,broad_plume_irregular_blr,broad plume + irregular BLR
baseline,0.1,0.045,0.01,0.2687145296163955,0.234661572924353,0.8784790738955398,0.8297352165397873,0.9399208039257482,0.928358170004119,0.6073000077377352,two_arc_diffuse_tail,two broad BLR arcs + diffuse tail
p0_tv0_e0,0.0,0.0,0.0,0.2619910733471708,0.22854674628489519,0.879999472115764,0.8327783646886219,0.9402454919190795,0.9253513065375405,0.6082324723548902,two_arc_diffuse_tail,two broad BLR arcs + diffuse tail
p0_tv0_e0p005,0.0,0.0,0.005,0.2643051139333662,0.23030052772837187,0.879255889980479,0.8299770689750282,0.939924522509281,0.9272587603395966,0.6071927816235904,two_arc_diffuse_tail,two broad BLR arcs + diffuse tail
p0_tv0p01_e0,0.0,0.01,0.0,0.26527917185565814,0.2314853947578045,0.8797433100830593,0.8310311145107319,0.9403503995081245,0.928393933907493,0.606090961865397,two_arc_diffuse_tail,two broad BLR arcs + diffuse tail
p0_tv0p01_e0p005,0.0,0.01,0.005,0.2734843849231447,0.238820894248147,0.8785619362889822,0.8266825466250115,0.9396946231368754,0.9288060016776952,0.6073903612013485,two_arc_diffuse_tail,two broad BLR arcs + diffuse tail
p0_tv0p03_e0,0.0,0.03,0.0,0.2632999610878258,0.22984272202917877,0.8806370597952259,0.8327138047067649,0.9408866573639159,0.9268435405118375,0.6072499462953187,two_arc_diffuse_tail,two broad BLR arcs + diffuse tail
p0_tv0p03_e0p005,0.0,0.03,0.005,0.2655008418993141,0.23225368773751517,0.8804706022084662,0.8337642291910052,0.9400808558729822,0.928164183099787,0.6071610730222312,two_arc_diffuse_tail,two broad BLR arcs + diffuse tail
p0_tv0p06_e0,0.0,0.06,0.0,0.2657864129556218,0.23092521559526782,0.8780052436313815,0.8256940131982301,0.940268761385431,0.927242732253052,0.60695404919973,two_arc_diffuse_tail,two broad BLR arcs + diffuse tail
p0_tv0p06_e0p005,0.0,0.06,0.005,0.2637104100158818,0.23065752500744754,0.8805360936015468,0.8347355749578287,0.9399137644564346,0.9291509101650541,0.6059239334861228,two_arc_diffuse_tail,two broad BLR arcs + diffuse tail
p0p03_tv0_e0,0.03,0.0,0.0,0.2616734802529478,0.22783243571335798,0.8797696551647184,0.830794777302051,0.9403551818400119,0.9280552492034901,0.6063217524631355,two_arc_diffuse_tail,two broad BLR arcs + diffuse tail
p0p03_tv0_e0p005,0.03,0.0,0.005,0.2642335566206538,0.23059857093681196,0.8798887365579493,0.8318250715807909,0.9404647670990548,0.928277887334106,0.607335025621666,two_arc_diffuse_tail,two broad BLR arcs + diffuse tail
p0p03_tv0p01_e0,0.03,0.01,0.0,0.2666516328768012,0.23280403536474423,0.8796951770764173,0.830762012439715,0.9404217511811728,0.9276540313925826,0.6076112686499273,two_arc_diffuse_tail,two broad BLR arcs + diffuse tail
p0p03_tv0p01_e0p005,0.03,0.01,0.005,0.2630521724956127,0.22960325668785292,0.8800179681493026,0.832755420961201,0.9400338488487868,0.9284106027693972,0.6068328687446284,two_arc_diffuse_tail,two broad BLR arcs + diffuse tail
p0p03_tv0p03_e0,0.03,0.03,0.0,0.2640247724540152,0.2306239387854079,0.8805423281615874,0.8329958316569636,0.9401080420770427,0.9284824394727378,0.606972260039721,two_arc_diffuse_tail,two broad BLR arcs + diffuse tail
p0p03_tv0p03_e0p005,0.03,0.03,0.005,0.2627966453425131,0.22963781643014125,0.8807883059734178,0.8342058554381406,0.9403617122993645,0.9277060598046899,0.6068395394518084,two_arc_diffuse_tail,two broad BLR arcs + diffuse tail
p0p03_tv0p06_e0,0.03,0.06,0.0,0.2597681960997692,0.22628780082696873,0.879853053400106,0.8325980236359978,0.9400422678136565,0.9265074797995566,0.6067950123276776,two_arc_diffuse_tail,two broad BLR arcs + diffuse tail
p0p03_tv0p06_e0p005,0.03,0.06,0.005,0.26521793058744214,0.23168016762150692,0.8805299787396887,0.832311185170324,0.9407326782774567,0.9253777330710287,0.6085991554138432,two_arc_diffuse_tail,two broad BLR arcs + diffuse tail
p0p08_tv0_e0,0.08,0.0,0.0,0.26312887599700246,0.2293744991720619,0.8796706276196096,0.8312281158752971,0.9398009719630079,0.9284446866230252,0.6063731070978868,two_arc_diffuse_tail,two broad BLR arcs + diffuse tail
p0p08_tv0_e0p005,0.08,0.0,0.005,0.26372250024368293,0.2303295929853987,0.8803411870022951,0.833035463708579,0.9402118716587591,0.9286257457457913,0.6058285832230608,two_arc_diffuse_tail,two broad BLR arcs + diffuse tail
p0p08_tv0p01_e0,0.08,0.01,0.0,0.26559077978685064,0.23178974060852878,0.8790958279534473,0.8309948041083908,0.940181677636313,0.9281029435971928,0.6064341349786139,two_arc_diffuse_tail,two broad BLR arcs + diffuse tail
p0p08_tv0p01_e0p005,0.08,0.01,0.005,0.26078010339756247,0.2278100506808423,0.8812423161195347,0.8351497364163992,0.9407085106127882,0.9266169718888861,0.6075665463145048,two_arc_diffuse_tail,two broad BLR arcs + diffuse tail
p0p08_tv0p03_e0,0.08,0.03,0.0,0.2651398491629067,0.23095675168123606,0.8797446135923194,0.8290845125916466,0.9403156100396548,0.9268346655364945,0.6074710994055986,two_arc_diffuse_tail,two broad BLR arcs + diffuse tail
p0p08_tv0p03_e0p005,0.08,0.03,0.005,0.2623089134823317,0.22884634184771377,0.879847390160124,0.8326871418269104,0.939854710030629,0.9283816502444542,0.6069358102670099,two_arc_diffuse_tail,two broad BLR arcs + diffuse tail
p0p08_tv0p06_e0,0.08,0.06,0.0,0.2626368216762093,0.22920856750796337,0.8795505894194391,0.8328587291587705,0.9400635856107321,0.9278998946931277,0.6058340719133597,two_arc_diffuse_tail,two broad BLR arcs + diffuse tail
p0p08_tv0p06_e0p005,0.08,0.06,0.005,0.2657813532097607,0.2320326786229154,0.8786860172044388,0.8312566270657734,0.9395678535841343,0.9272861826766898,0.6065134195814101,two_arc_diffuse_tail,two broad BLR arcs + diffuse tail
p0p15_tv0_e0,0.15,0.0,0.0,0.2625104461980138,0.2291618127544319,0.8794435498255143,0.8332568327820906,0.9397907400905395,0.9263139195322377,0.6075416364711311,two_arc_diffuse_tail,two broad BLR arcs + diffuse tail
p0p15_tv0_e0p005,0.15,0.0,0.005,0.2708333230817764,0.23722018182912927,0.8786678683602526,0.8319342937367644,0.9396258207236902,0.9276882148096774,0.6075295390460508,two_arc_diffuse_tail,two broad BLR arcs + diffuse tail
p0p15_tv0p01_e0,0.15,0.01,0.0,0.26148854093256557,0.22877967517483178,0.8806083354684463,0.8364556712113311,0.9401123233087784,0.9263535605933517,0.6073953484271396,two_arc_diffuse_tail,two broad BLR arcs + diffuse tail
p0p15_tv0p01_e0p005,0.15,0.01,0.005,0.2685945956861473,0.23486754447491534,0.8786599510810483,0.8313647439438401,0.9395919112908974,0.9278122873197524,0.6069394586154981,two_arc_diffuse_tail,two broad BLR arcs + diffuse tail
p0p15_tv0p03_e0,0.15,0.03,0.0,0.26316821438781185,0.22958845237754935,0.8798532435845057,0.8321011899486875,0.9400783458394131,0.9244544926945352,0.6086376636514406,two_arc_diffuse_tail,two broad BLR arcs + diffuse tail
p0p15_tv0p03_e0p005,0.15,0.03,0.005,0.2669427461276472,0.2335243874974653,0.8798099346652889,0.8329082068490905,0.9399801371351357,0.9273136588761439,0.6076015688933598,two_arc_diffuse_tail,two broad BLR arcs + diffuse tail
p0p15_tv0p06_e0,0.15,0.06,0.0,0.2609147310957804,0.22733556738729613,0.8801021320959547,0.8321041814575787,0.9400236422902248,0.9263841818326077,0.6069969219903912,two_arc_diffuse_tail,two broad BLR arcs + diffuse tail
p0p15_tv0p06_e0p005,0.15,0.06,0.005,0.25944248089328975,0.22600106134522766,0.8802711629039484,0.8327929022596896,0.9400051636768781,0.9257965778342262,0.607285537602698,two_arc_diffuse_tail,two broad BLR arcs + diffuse tail
baseline,0.1,0.045,0.01,0.29723832527991134,0.24647080982245798,0.8528373339603441,0.746162422712733,0.9419607758509434,0.8975575810386148,0.6195076873111341,patchy_resolved_ring,patchy resolved BLR ring
p0_tv0_e0,0.0,0.0,0.0,0.2972616227389367,0.24647055706346319,0.8532343185786124,0.7460446716226325,0.9427172109390034,0.8974659243412174,0.6200955574174589,patchy_resolved_ring,patchy resolved BLR ring
p0_tv0_e0p005,0.0,0.0,0.005,0.30399122413849783,0.25112446112304987,0.8484354582825501,0.7356661849227601,0.9414873005119216,0.8997195723517294,0.618566323096042,patchy_resolved_ring,patchy resolved BLR ring
p0_tv0p01_e0,0.0,0.01,0.0,0.30113273096363496,0.248611390497362,0.8494531580330172,0.7373932976686352,0.9420134038362636,0.8987832633340613,0.6189044244539912,patchy_resolved_ring,patchy resolved BLR ring
p0_tv0p01_e0p005,0.0,0.01,0.005,0.3027299545242561,0.2504764095384943,0.8502710072527118,0.738732275071191,0.9418024776108614,0.899734351513796,0.6176567696970134,patchy_resolved_ring,patchy resolved BLR ring
p0_tv0p03_e0,0.0,0.03,0.0,0.3030115084751309,0.2511118193991686,0.850948363601104,0.7405015546201884,0.9416260535049412,0.898805643466626,0.6188905797013716,patchy_resolved_ring,patchy resolved BLR ring
p0_tv0p03_e0p005,0.0,0.03,0.005,0.29820548099335,0.24742513740589714,0.8528655502454284,0.7460982820627358,0.9423802302994491,0.8977056099408846,0.6197253359453118,patchy_resolved_ring,patchy resolved BLR ring
p0_tv0p06_e0,0.0,0.06,0.0,0.30335398798969354,0.25094694187635125,0.850013213394134,0.7379647694332886,0.942292099492068,0.8983350864564216,0.6191246903063258,patchy_resolved_ring,patchy resolved BLR ring
p0_tv0p06_e0p005,0.0,0.06,0.005,0.3003221292251873,0.24951490261530387,0.853157232831491,0.7459638669505828,0.9428355036807519,0.8990057304387614,0.6197218061919356,patchy_resolved_ring,patchy resolved BLR ring
p0p03_tv0_e0,0.03,0.0,0.0,0.2980312082303599,0.24746499284087367,0.8530413895985691,0.7471689230525688,0.9423687605721085,0.8974912648094034,0.6204886894138858,patchy_resolved_ring,patchy resolved BLR ring
p0p03_tv0_e0p005,0.03,0.0,0.005,0.2929334929513512,0.24176539433043578,0.8503608672549329,0.744159506895423,0.941503390134195,0.8978551275099875,0.6199481738683295,patchy_resolved_ring,patchy resolved BLR ring
p0p03_tv0p01_e0,0.03,0.01,0.0,0.3002369793328673,0.24804676100353404,0.8498169821518792,0.7390489083533337,0.9419402117426329,0.8992744058784752,0.6191991175833925,patchy_resolved_ring,patchy resolved BLR ring
p0p03_tv0p01_e0p005,0.03,0.01,0.005,0.299693072720166,0.24845128922187618,0.8522622696261682,0.7437910825085511,0.9418881618528097,0.8996390675117197,0.61855477714529,patchy_resolved_ring,patchy resolved BLR ring
p0p03_tv0p03_e0,0.03,0.03,0.0,0.28487794850779435,0.23644787587251323,0.8582182650130813,0.7578496368235944,0.943482843590716,0.895551518403407,0.621536251240089,patchy_resolved_ring,patchy resolved BLR ring
p0p03_tv0p03_e0p005,0.03,0.03,0.005,0.2892991762563014,0.24013039321927487,0.8556882549787119,0.7541560848148672,0.9428088947754346,0.8962716998983186,0.6208121409093058,patchy_resolved_ring,patchy resolved BLR ring
p0p03_tv0p06_e0,0.03,0.06,0.0,0.299780671779147,0.24881353817227073,0.8523112557888428,0.7451643319656185,0.9422884190741714,0.8972269909234668,0.6195947807757087,patchy_resolved_ring,patchy resolved BLR ring
p0p03_tv0p06_e0p005,0.03,0.06,0.005,0.2879000615335791,0.23950722768963487,0.8581950370859596,0.7580358307802788,0.9433578449897195,0.8960696171745967,0.6208013225507958,patchy_resolved_ring,patchy resolved BLR ring
p0p08_tv0_e0,0.08,0.0,0.0,0.2979845815745475,0.24689830173817545,0.8522897139524969,0.7445686008181399,0.9421733326332414,0.8988983567072887,0.6193654198156047,patchy_resolved_ring,patchy resolved BLR ring
p0p08_tv0_e0p005,0.08,0.0,0.005,0.2930894974050858,0.24280142177130573,0.8535341162721483,0.7485596218310997,0.9420880432624681,0.8986415684148589,0.6194127918668301,patchy_resolved_ring,patchy resolved BLR ring
p0p08_tv0p01_e0,0.08,0.01,0.0,0.2933490471156264,0.24332539129723926,0.8539662225483304,0.7498817209080642,0.9421726665714467,0.8983441745374388,0.620236395344933,patchy_resolved_ring,patchy resolved BLR ring
p0p08_tv0p01_e0p005,0.08,0.01,0.005,0.29663958910628596,0.24570127570332367,0.8531365960413293,0.7453084329851887,0.942596236015216,0.8978640961285241,0.6196723070248493,patchy_resolved_ring,patchy resolved BLR ring
p0p08_tv0p03_e0,0.08,0.03,0.0,0.29621875527951524,0.24555240710870876,0.8524832093003262,0.7466682591459676,0.941855620463569,0.8980793310337828,0.6205043058684033,patchy_resolved_ring,patchy resolved BLR ring
p0p08_tv0p03_e0p005,0.08,0.03,0.005,0.29676985346921486,0.24691498430930903,0.85280425504325,0.7507256542004709,0.9419363981320783,0.8977198010749619,0.6191820649781768,patchy_resolved_ring,patchy resolved BLR ring
p0p08_tv0p06_e0,0.08,0.06,0.0,0.29288393099885535,0.24216045172224165,0.854011703358035,0.7463826036169317,0.942473130077246,0.8986083029964053,0.6200493321593978,patchy_resolved_ring,patchy resolved BLR ring
p0p08_tv0p06_e0p005,0.08,0.06,0.005,0.29456254787397673,0.24386532573362998,0.8539586060094457,0.7465138892982662,0.9426021753214975,0.898312115824111,0.6198720372331273,patchy_resolved_ring,patchy resolved BLR ring
p0p15_tv0_e0,0.15,0.0,0.0,0.29525531710268754,0.2453624352692083,0.8534624012584613,0.7505355908326039,0.9419531757103259,0.8967360459417748,0.6205555271321184,patchy_resolved_ring,patchy resolved BLR ring
p0p15_tv0_e0p005,0.15,0.0,0.005,0.299801031554905,0.24904028059631997,0.8512730175271898,0.746196245207075,0.9416989281108734,0.8972622246348942,0.6194808049368289,patchy_resolved_ring,patchy resolved BLR ring
p0p15_tv0p01_e0,0.15,0.01,0.0,0.2988760378825258,0.24870759942199328,0.8517796015970706,0.7491578076973373,0.9413910447007561,0.8976054023016259,0.6195080680666896,patchy_resolved_ring,patchy resolved BLR ring
p0p15_tv0p01_e0p005,0.15,0.01,0.005,0.29310889254715405,0.24359419692581324,0.8541595129411419,0.7524265218932961,0.9419113490186443,0.8971819355973832,0.6199948038066021,patchy_resolved_ring,patchy resolved BLR ring
p0p15_tv0p03_e0,0.15,0.03,0.0,0.2948319159217658,0.24432423720145524,0.8533672267539978,0.7474616063984473,0.9418812509702049,0.8976021571061852,0.6213250597481755,patchy_resolved_ring,patchy resolved BLR ring
p0p15_tv0p03_e0p005,0.15,0.03,0.005,0.29691455270811073,0.24522629757429404,0.8508313333873762,0.7415587243309165,0.9414595332612984,0.8985537381586448,0.6189593678466001,patchy_resolved_ring,patchy resolved BLR ring
p0p15_tv0p06_e0,0.15,0.06,0.0,0.30023260478134484,0.24816878520656838,0.8504710097951901,0.7396809021261177,0.9415541068698379,0.8985738582741056,0.6198197262010131,patchy_resolved_ring,patchy resolved BLR ring
p0p15_tv0p06_e0p005,0.15,0.06,0.005,0.30061475813665856,0.24844372111021137,0.8492831993049609,0.7391448148677641,0.9411276491161906,0.89913854574221,0.6190266212790192,patchy_resolved_ring,patchy resolved BLR ring
