eval,tag,score,snr_gain_vs_edge_min,snr_gain_vs_edge_mean,snr_ratio_vs_direct_min,snr_ratio_vs_direct_mean,snr_ratio_vs_direct_median,snr_ratio_vs_direct_max,rms_log_ratio_vs_direct,gamma_vector
0,scalar_start,-0.002397059311909534,1.0085372571995892,1.147678881679093,0.9160992885841672,0.9917549699554374,0.986368325894285,1.0768808168140585,0.04278378838400856,"0.15,0.15,0.15,0.15,0.15,0.15,0.15,0.15,0.15,0.15,0.15,0.15,0.15,0.15,0.15,0.15,0.15,0.15"
1,coord_w0.08_i0,-0.0026375689520533353,1.0085372571995892,1.1412857323440804,0.9160992885841678,0.9867996874832639,0.9850573165765834,1.0768808168140596,0.0452410950859224,"0.07,0.15,0.15,0.15,0.15,0.15,0.15,0.15,0.15,0.15,0.15,0.15,0.15,0.15,0.15,0.15,0.15,0.15"
2,coord_w0.08_i0,-0.002400172916012422,1.0085372571995874,1.1509233743490506,0.9160992885841667,0.9942686680220773,0.9935398091198435,1.0768808168140585,0.04268880226224766,"0.23,0.15,0.15,0.15,0.15,0.15,0.15,0.15,0.15,0.15,0.15,0.15,0.15,0.15,0.15,0.15,0.15,0.15"
3,coord_w0.08_i1,-0.002708691408975278,1.0084537715144495,1.142332467813364,0.9160992885841672,0.9878047067065638,0.9850915750524067,1.0768808168140587,0.04580522116324764,"0.15,0.07,0.15,0.15,0.15,0.15,0.15,0.15,0.15,0.15,0.15,0.15,0.15,0.15,0.15,0.15,0.15,0.15"
4,coord_w0.08_i1,-0.0023888664218398013,1.0085767103335714,1.1504212779032545,0.916099288584167,0.9937804491800785,0.9947281877360559,1.0768808168140585,0.04261998679663772,"0.15,0.23,0.15,0.15,0.15,0.15,0.15,0.15,0.15,0.15,0.15,0.15,0.15,0.15,0.15,0.15,0.15,0.15"
5,coord_w0.08_i2,-0.0029906884898835483,1.00845455969997,1.1461989142171194,0.9160992885841674,0.990270169541731,0.9945144216667177,1.0768808168140585,0.04807886581968438,"0.15,0.23,0.07,0.15,0.15,0.15,0.15,0.15,0.15,0.15,0.15,0.15,0.15,0.15,0.15,0.15,0.15,0.15"
6,coord_w0.08_i2,-0.0021903667269873254,1.008644849617097,1.1529689588034548,0.9160992885841672,0.9958981056543171,0.9948502122745757,1.0768808168140591,0.04064819414909203,"0.15,0.23,0.23,0.15,0.15,0.15,0.15,0.15,0.15,0.15,0.15,0.15,0.15,0.15,0.15,0.15,0.15,0.15"
7,coord_w0.08_i3,-0.002680448908066993,1.0086448496170977,1.1463858873257828,0.9160992885841686,0.9909628824856502,0.9947825588279552,1.0768808168140591,0.04538432564341041,"0.15,0.23,0.23,0.07,0.15,0.15,0.15,0.15,0.15,0.15,0.15,0.15,0.15,0.15,0.15,0.15,0.15,0.15"
8,coord_w0.08_i3,-0.002176586243619183,1.0086448496170979,1.15677073187581,0.916099288584167,0.9987443532860472,1.0054667073752892,1.0768808168140596,0.040435230573743715,"0.15,0.23,0.23,0.23,0.15,0.15,0.15,0.15,0.15,0.15,0.15,0.15,0.15,0.15,0.15,0.15,0.15,0.15"
9,coord_w0.08_i4,-0.002424337355967464,1.0079586696231542,1.1495435502811913,0.9160992885841676,0.9932755391027287,0.9948912894313258,1.0768808168140593,0.04295803291057448,"0.15,0.23,0.23,0.23,0.07,0.15,0.15,0.15,0.15,0.15,0.15,0.15,0.15,0.15,0.15,0.15,0.15,0.15"
10,coord_w0.08_i4,-0.002302082221059009,1.008926709803275,1.160537514451674,0.9160992885841674,1.0015782043780332,1.0079198049801903,1.0768808168140596,0.04145768208828267,"0.15,0.23,0.23,0.23,0.23,0.15,0.15,0.15,0.15,0.15,0.15,0.15,0.15,0.15,0.15,0.15,0.15,0.15"
11,coord_w0.08_i5,-0.0021333804464567304,1.0020714919201754,1.1560655543828258,0.916099288584168,0.9980333144047636,1.0054667073752888,1.0768808168140596,0.04007558248979935,"0.15,0.23,0.23,0.23,0.15,0.07,0.15,0.15,0.15,0.15,0.15,0.15,0.15,0.15,0.15,0.15,0.15,0.15"
12,coord_w0.08_i5,-0.002176586243619183,1.0086448496170979,1.15677073187581,0.916099288584167,0.9987443532860472,1.0054667073752892,1.0768808168140596,0.040435230573743715,"0.15,0.23,0.23,0.23,0.15,0.15,0.15,0.15,0.15,0.15,0.15,0.15,0.15,0.15,0.15,0.15,0.15,0.15"
13,coord_w0.08_i6,-0.0025315477457799594,1.0020714919201752,1.1486169501144825,0.9160992885841678,0.9918097460539814,0.9950657160927323,1.0768808168140602,0.04404630355930139,"0.15,0.23,0.23,0.23,0.15,0.07,0.07,0.15,0.15,0.15,0.15,0.15,0.15,0.15,0.15,0.15,0.15,0.15"
14,coord_w0.08_i6,-0.0023287025479210017,1.0020714919201754,1.1602918938075677,0.9160992885841672,1.0015617073241565,1.0094745220757262,1.0768808168140602,0.041701398352606785,"0.15,0.23,0.23,0.23,0.15,0.07,0.23,0.15,0.15,0.15,0.15,0.15,0.15,0.15,0.15,0.15,0.15,0.15"
15,coord_w0.08_i7,-0.002106810513764536,1.002069026975158,1.1554057692023494,0.9160992885841678,0.9973713261044121,1.0054534414001655,1.076880816814058,0.03985529555778989,"0.15,0.23,0.23,0.23,0.15,0.07,0.15,0.07,0.15,0.15,0.15,0.15,0.15,0.15,0.15,0.15,0.15,0.15"
16,coord_w0.08_i7,-0.0021333804464567304,1.0020714919201754,1.1560655543828258,0.916099288584168,0.9980333144047636,1.0054667073752888,1.0768808168140596,0.04007558248979935,"0.15,0.23,0.23,0.23,0.15,0.07,0.15,0.15,0.15,0.15,0.15,0.15,0.15,0.15,0.15,0.15,0.15,0.15"
17,coord_w0.08_i8,-0.0024526503767557046,1.0020550669185446,1.1507467460919316,0.9160992885841672,0.9933388859098884,1.0054534414001663,1.076880816814058,0.04330144783000204,"0.15,0.23,0.23,0.23,0.15,0.07,0.15,0.07,0.07,0.15,0.15,0.15,0.15,0.15,0.15,0.15,0.15,0.15"
18,coord_w0.08_i8,-0.0020262021722695345,1.00207601338112,1.1576392527452195,0.9160992885841672,0.9992915414745214,1.0054534414001663,1.0768808168140587,0.03900917202600456,"0.15,0.23,0.23,0.23,0.15,0.07,0.15,0.07,0.23,0.15,0.15,0.15,0.15,0.15,0.15,0.15,0.15,0.15"
19,coord_w0.08_i9,-0.0020207583618594843,1.0020760133811217,1.1549241595780217,0.9160992885841674,0.9971103446711688,0.9977560569620061,1.0768808168140602,0.039010516206203764,"0.15,0.23,0.23,0.23,0.15,0.07,0.15,0.07,0.23,0.07,0.15,0.15,0.15,0.15,0.15,0.15,0.15,0.15"
20,coord_w0.08_i9,-0.0020262021722695345,1.00207601338112,1.1576392527452195,0.9160992885841672,0.9992915414745214,1.0054534414001663,1.0768808168140587,0.03900917202600456,"0.15,0.23,0.23,0.23,0.15,0.07,0.15,0.07,0.23,0.15,0.15,0.15,0.15,0.15,0.15,0.15,0.15,0.15"
21,coord_w0.08_i10,-0.002071746980134921,1.0020760133811217,1.1528172839109598,0.9160992885841676,0.9953853568299283,0.9947314473796118,1.0768808168140607,0.03957268665729729,"0.15,0.23,0.23,0.23,0.15,0.07,0.15,0.07,0.23,0.07,0.07,0.15,0.15,0.15,0.15,0.15,0.15,0.15"
22,coord_w0.08_i10,-0.002013853567470446,1.0020760133811215,1.1560171901884846,0.9160992885841678,0.9980382495638157,1.0023292237006247,1.0768808168140602,0.03892552460195165,"0.15,0.23,0.23,0.23,0.15,0.07,0.15,0.07,0.23,0.07,0.23,0.15,0.15,0.15,0.15,0.15,0.15,0.15"
23,coord_w0.08_i11,-0.002037243090328195,1.0020760133811215,1.1563056589429783,0.916099288584167,0.9983627717955244,1.0013345639754965,1.0768808168140607,0.03913412185242529,"0.15,0.23,0.23,0.23,0.15,0.07,0.15,0.07,0.23,0.07,0.23,0.07,0.15,0.15,0.15,0.15,0.15,0.15"
24,coord_w0.08_i11,-0.002032925536519679,1.0020760133811193,1.1552910297076895,0.916099288584168,0.9973614936006937,0.9984964832283878,1.076880816814058,0.0391201364435004,"0.15,0.23,0.23,0.23,0.15,0.07,0.15,0.07,0.23,0.07,0.23,0.23,0.15,0.15,0.15,0.15,0.15,0.15"
25,coord_w0.08_i12,-0.0020222181528170074,1.001840929868677,1.1547158496265832,0.9160992885841674,0.9970258426118924,1.00067476800645,1.0768808168140591,0.03904029887972708,"0.15,0.23,0.23,0.23,0.15,0.07,0.15,0.07,0.23,0.07,0.23,0.15,0.07,0.15,0.15,0.15,0.15,0.15"
26,coord_w0.08_i12,-0.002007532517719513,1.002249704211501,1.156495020068335,0.9160992885841674,0.9984306648305463,1.002329223700624,1.07688081681406,0.038846662339186155,"0.15,0.23,0.23,0.23,0.15,0.07,0.15,0.07,0.23,0.07,0.23,0.15,0.23,0.15,0.15,0.15,0.15,0.15"
27,coord_w0.08_i13,-0.0019922047454835664,1.0024572909476304,1.1566044091871233,0.9160992885841676,0.9985583071294493,1.002329223700623,1.076880816814061,0.038688058669341975,"0.15,0.23,0.23,0.23,0.15,0.07,0.15,0.07,0.23,0.07,0.23,0.15,0.23,0.07,0.15,0.15,0.15,0.15"
28,coord_w0.08_i13,-0.002007532517719513,1.002249704211501,1.156495020068335,0.9160992885841674,0.9984306648305463,1.002329223700624,1.07688081681406,0.038846662339186155,"0.15,0.23,0.23,0.23,0.15,0.07,0.15,0.07,0.23,0.07,0.23,0.15,0.23,0.15,0.15,0.15,0.15,0.15"
29,coord_w0.08_i14,-0.0019995615408859527,1.0024281539016722,1.156552207001557,0.916099288584167,0.9985872048107771,1.0023292237006238,1.0768808168140596,0.03875618448604733,"0.15,0.23,0.23,0.23,0.15,0.07,0.15,0.07,0.23,0.07,0.23,0.15,0.23,0.07,0.07,0.15,0.15,0.15"
30,coord_w0.08_i14,-0.001986779871762566,1.0024851784577804,1.1565893135255059,0.916099288584167,0.9984660174578182,1.0023292237006252,1.076880816814059,0.0386378495647427,"0.15,0.23,0.23,0.23,0.15,0.07,0.15,0.07,0.23,0.07,0.23,0.15,0.23,0.07,0.23,0.15,0.15,0.15"
31,coord_w0.08_i15,-0.0020000046793974026,1.0022526750165475,1.1559314877190634,0.9160992885841672,0.9978526936293453,1.0023292237006245,1.076880816814059,0.03878657724186035,"0.15,0.23,0.23,0.23,0.15,0.07,0.15,0.07,0.23,0.07,0.23,0.15,0.23,0.07,0.23,0.07,0.15,0.15"
32,coord_w0.08_i15,-0.001989452024471208,1.0025661866257731,1.1567254432974137,0.9160992885841669,0.9986347645347614,1.0023292237006234,1.0768808168140598,0.03866029556888733,"0.15,0.23,0.23,0.23,0.15,0.07,0.15,0.07,0.23,0.07,0.23,0.15,0.23,0.07,0.23,0.23,0.15,0.15"
33,coord_w0.08_i16,-0.002045612718897875,1.0025343565887639,1.1556821226716993,0.9160992885841674,0.9977318430138566,1.0023292237006236,1.07688081681406,0.03922410908790088,"0.15,0.23,0.23,0.23,0.15,0.07,0.15,0.07,0.23,0.07,0.23,0.15,0.23,0.07,0.23,0.15,0.07,0.15"
34,coord_w0.08_i16,-inf,0.998509665931068,1.1572463838669145,0.9160992885841676,0.9989751489340314,1.0023292237006245,1.0768808168140593,0.0382432788971286,"0.15,0.23,0.23,0.23,0.15,0.07,0.15,0.07,0.23,0.07,0.23,0.15,0.23,0.07,0.23,0.15,0.23,0.15"
35,coord_w0.08_i17,-0.002012110523279819,1.0023331481825086,1.1558341591036136,0.9160992885841674,0.997852125236875,1.0023292237006232,1.0768808168140596,0.03890810113755104,"0.15,0.23,0.23,0.23,0.15,0.07,0.15,0.07,0.23,0.07,0.23,0.15,0.23,0.07,0.23,0.15,0.15,0.07"
36,coord_w0.08_i17,-0.0019858717960038923,1.0025872073764488,1.156604944033697,0.9160992885841674,0.9984443194417418,1.0023292237006238,1.0768808168140591,0.038629465595778914,"0.15,0.23,0.23,0.23,0.15,0.07,0.15,0.07,0.23,0.07,0.23,0.15,0.23,0.07,0.23,0.15,0.15,0.23"
37,coord_w0.08_i0,-0.0021284770805961193,1.0025872073764495,1.149942936060227,0.9160992885841667,0.9933077714472727,0.9883659651469633,1.0768808168140591,0.04020790484042083,"0.07,0.23,0.23,0.23,0.15,0.07,0.15,0.07,0.23,0.07,0.23,0.15,0.23,0.07,0.23,0.15,0.15,0.23"
38,coord_w0.08_i0,-0.002056932376416406,1.0025872073764477,1.1599829743891559,0.9160992885841687,1.0010455519053871,1.0090621079305706,1.076880816814058,0.03924571422026644,"0.23,0.23,0.23,0.23,0.15,0.07,0.15,0.07,0.23,0.07,0.23,0.15,0.23,0.07,0.23,0.15,0.15,0.23"
39,coord_w0.08_i1,-0.001984417445533113,1.0025538273417371,1.153621110864032,0.9160992885841674,0.9962427338888838,0.9958707520783816,1.076880816814059,0.03867587519464457,"0.15,0.15,0.23,0.23,0.15,0.07,0.15,0.07,0.23,0.07,0.23,0.15,0.23,0.07,0.23,0.15,0.15,0.23"
40,coord_w0.08_i1,-0.0019858717960038923,1.0025872073764488,1.156604944033697,0.9160992885841674,0.9984443194417418,1.0023292237006238,1.0768808168140591,0.038629465595778914,"0.15,0.23,0.23,0.23,0.15,0.07,0.15,0.07,0.23,0.07,0.23,0.15,0.23,0.07,0.23,0.15,0.15,0.23"
41,coord_w0.08_i2,-0.002134598021175687,1.002539649216946,1.1504483535699788,0.9160992885841676,0.9936060719884736,0.9954491865481969,1.0768808168140598,0.040277972123860306,"0.15,0.15,0.15,0.23,0.15,0.07,0.15,0.07,0.23,0.07,0.23,0.15,0.23,0.07,0.23,0.15,0.15,0.23"
42,coord_w0.08_i2,-0.0019799520242521607,1.0025622644559518,1.1557111874415047,0.9160992885841669,0.9979793289978864,1.0023292237006236,1.0768808168140604,0.038587416908435326,"0.15,0.15,0.31,0.23,0.15,0.07,0.15,0.07,0.23,0.07,0.23,0.15,0.23,0.07,0.23,0.15,0.15,0.23"
43,coord_w0.08_i3,-0.002061101140109477,1.0025622644559506,1.1518902520023842,0.9160992885841674,0.9951171572068901,0.9954182284653472,1.0768808168140598,0.03948281166191311,"0.15,0.15,0.31,0.15,0.15,0.07,0.15,0.07,0.23,0.07,0.23,0.15,0.23,0.07,0.23,0.15,0.15,0.23"
44,coord_w0.08_i3,-0.0020290268923231517,1.0025622644559518,1.1580361075069172,0.9160992885841674,0.9997187577545172,1.0044370133919573,1.07688081681406,0.03900258310604331,"0.15,0.15,0.31,0.31,0.15,0.07,0.15,0.07,0.23,0.07,0.23,0.15,0.23,0.07,0.23,0.15,0.15,0.23"
45,coord_w0.08_i4,-0.002331806354970858,1.0019820687582388,1.1497274644061064,0.916099288584168,0.9934458461171136,1.002329223700624,1.07688081681406,0.04219467405112667,"0.15,0.15,0.31,0.23,0.07,0.07,0.15,0.07,0.23,0.07,0.23,0.15,0.23,0.07,0.23,0.15,0.15,0.23"
46,coord_w0.08_i4,-0.0019642699965893885,1.0027117563001218,1.1587235542889307,0.9160992885841674,1.0002470631900142,1.004626974971269,1.0768808168140607,0.03838588757317997,"0.15,0.15,0.31,0.23,0.23,0.07,0.15,0.07,0.23,0.07,0.23,0.15,0.23,0.07,0.23,0.15,0.15,0.23"
47,coord_w0.08_i5,-inf,0.9944792669810217,1.1578321289690816,0.9160992885841672,0.9993476418071149,1.0044650148011767,1.0768808168140604,0.038019037955582376,"0.15,0.15,0.31,0.23,0.23,0,0.15,0.07,0.23,0.07,0.23,0.15,0.23,0.07,0.23,0.15,0.15,0.23"
48,coord_w0.08_i5,-0.0020129627196275183,1.0027464491873603,1.159462668035986,0.9160992885841676,1.0009928726022899,1.0047600771599616,1.07688081681406,0.03881983665470435,"0.15,0.15,0.31,0.23,0.23,0.15,0.15,0.07,0.23,0.07,0.23,0.15,0.23,0.07,0.23,0.15,0.15,0.23"
49,coord_w0.08_i6,-0.0023532207554382645,1.002711756300124,1.1516444702030635,0.9160992885841672,0.9943322545307559,1.004591025479225,1.0768808168140616,0.042346978162717784,"0.15,0.15,0.31,0.23,0.23,0.07,0.07,0.07,0.23,0.07,0.23,0.15,0.23,0.07,0.23,0.15,0.15,0.23"
50,coord_w0.08_i6,-0.0021148371067902416,1.0027117563001227,1.1626261378568477,0.9160992885841672,1.0035052354886538,1.0072155266642575,1.0768808168140613,0.03972561884873773,"0.15,0.15,0.31,0.23,0.23,0.07,0.23,0.07,0.23,0.07,0.23,0.15,0.23,0.07,0.23,0.15,0.15,0.23"
51,coord_w0.08_i7,-inf,0.9943900981613599,1.1578863158834314,0.9160992885841672,0.9994060696719419,1.0023292237006238,1.0768808168140602,0.0383117049261419,"0.15,0.15,0.31,0.23,0.23,0.07,0.15,0,0.23,0.07,0.23,0.15,0.23,0.07,0.23,0.15,0.15,0.23"
52,coord_w0.08_i7,-0.0019879554459119697,1.002792819717672,1.159458382094396,0.9160992885841674,1.0009851641584246,1.004626974971268,1.0768808168140591,0.03859736916681855,"0.15,0.15,0.31,0.23,0.23,0.07,0.15,0.15,0.23,0.07,0.23,0.15,0.23,0.07,0.23,0.15,0.15,0.23"
53,coord_w0.08_i8,-0.001998995823482933,1.0012472358095765,1.1555032845076278,0.9160992885841678,0.9974718257920492,1.0023292237006243,1.0768808168140591,0.038786617022585165,"0.15,0.15,0.31,0.23,0.23,0.07,0.15,0.07,0.15,0.07,0.23,0.15,0.23,0.07,0.23,0.15,0.15,0.23"
54,coord_w0.08_i8,-0.0020022765783690943,1.0027925614383495,1.160522292206173,0.9160992885841674,1.0017863957059796,1.0054626058818854,1.0768808168140598,0.03871711212988348,"0.15,0.15,0.31,0.23,0.23,0.07,0.15,0.07,0.31,0.07,0.23,0.15,0.23,0.07,0.23,0.15,0.15,0.23"
55,coord_w0.08_i9,-0.001994553147976509,1.0027117563001227,1.1554513062833667,0.916099288584167,0.9976364622509835,0.9992308261645305,1.0768808168140607,0.03872678196874001,"0.15,0.15,0.31,0.23,0.23,0.07,0.15,0.07,0.23,0,0.23,0.15,0.23,0.07,0.23,0.15,0.15,0.23"
56,coord_w0.08_i9,-0.001981743080728026,1.0027117563001209,1.1606158240458173,0.9160992885841678,1.0017745405484437,1.0076889141980292,1.0768808168140598,0.038534964191310576,"0.15,0.15,0.31,0.23,0.23,0.07,0.15,0.07,0.23,0.15,0.23,0.15,0.23,0.07,0.23,0.15,0.15,0.23"
57,coord_w0.08_i10,-0.001972865068872538,1.002711756300122,1.1576313630593145,0.916099288584167,0.9993199612541066,1.0053732293345163,1.0768808168140607,0.03847884826254684,"0.15,0.15,0.31,0.23,0.23,0.07,0.15,0.07,0.23,0.07,0.15,0.15,0.23,0.07,0.23,0.15,0.15,0.23"
58,coord_w0.08_i10,-0.0019812301972360036,1.0027117563001224,1.1590778253889553,0.9160992885841669,1.000595896270935,1.0072155266642577,1.0768808168140604,0.03854165868084654,"0.15,0.15,0.31,0.23,0.23,0.07,0.15,0.07,0.23,0.07,0.31,0.15,0.23,0.07,0.23,0.15,0.15,0.23"
59,coord_w0.08_i11,-0.001986579603505696,1.0027117563001222,1.159011087402099,0.9160992885841669,1.0005706900574534,1.007215526664257,1.0768808168140607,0.03858986429720531,"0.15,0.15,0.31,0.23,0.23,0.07,0.15,0.07,0.23,0.07,0.23,0.07,0.23,0.07,0.23,0.15,0.15,0.23"
60,coord_w0.08_i11,-0.0019848129050445895,1.0027117563001213,1.1579983019603042,0.9160992885841676,0.9995711772230355,1.0072155266642557,1.0768808168140598,0.0385905580690212,"0.15,0.15,0.31,0.23,0.23,0.07,0.15,0.07,0.23,0.07,0.23,0.23,0.23,0.07,0.23,0.15,0.15,0.23"
61,coord_w0.08_i12,-0.0019722915300625474,1.0025055912498864,1.1578182053387356,0.916099288584167,0.9995137648528211,1.0036427697115557,1.0768808168140598,0.03848801553269509,"0.15,0.15,0.31,0.23,0.23,0.07,0.15,0.07,0.23,0.07,0.23,0.15,0.15,0.07,0.23,0.15,0.15,0.23"
62,coord_w0.08_i12,-0.0019481991076737565,1.0027480225939098,1.158733419336279,0.916099288584167,1.000306589604283,1.0046269749712686,1.07688081681406,0.03822152704736087,"0.15,0.15,0.31,0.23,0.23,0.07,0.15,0.07,0.23,0.07,0.23,0.15,0.31,0.07,0.23,0.15,0.15,0.23"
63,coord_w0.08_i13,-0.0019401115178924926,1.0027169838197565,1.1584789779971898,0.9160992885841669,1.0001348275790238,1.0038541824874188,1.07688081681406,0.03814301261731124,"0.15,0.15,0.31,0.23,0.23,0.07,0.15,0.07,0.23,0.07,0.23,0.15,0.31,0,0.23,0.15,0.15,0.23"
64,coord_w0.08_i13,-0.0019491327868711654,1.0027516698221803,1.1587341357823309,0.9160992885841674,1.0003041515848254,1.0046269749712695,1.0768808168140598,0.03823108210800694,"0.15,0.15,0.31,0.23,0.23,0.07,0.15,0.07,0.23,0.07,0.23,0.15,0.31,0.08,0.23,0.15,0.15,0.23"
65,coord_w0.08_i14,-0.001948367430921061,1.0030414482886818,1.158499276484871,0.9160992885841674,1.0002289324939042,1.0028734157816341,1.0768808168140593,0.03822037362140555,"0.15,0.15,0.31,0.23,0.23,0.07,0.15,0.07,0.23,0.07,0.23,0.15,0.31,0,0.15,0.15,0.15,0.23"
66,coord_w0.08_i14,-inf,0.9988138428718378,1.1583781788376024,0.9160992885841672,0.9999635023785926,1.003170487431448,1.0768808168140596,0.03809479794859589,"0.15,0.15,0.31,0.23,0.23,0.07,0.15,0.07,0.23,0.07,0.23,0.15,0.31,0,0.31,0.15,0.15,0.23"
67,coord_w0.08_i15,-0.0019449360915510677,1.0019515385522393,1.1578286038161376,0.9160992885841667,0.9995388970133334,1.0035504697273463,1.07688081681406,0.038204377860702195,"0.15,0.15,0.31,0.23,0.23,0.07,0.15,0.07,0.23,0.07,0.23,0.15,0.31,0,0.23,0.07,0.15,0.23"
68,coord_w0.08_i15,-0.0019335454973067817,1.0031338346168552,1.158724857306823,0.9160992885841674,1.0003864126813657,1.003854182487419,1.0768808168140596,0.03807263549669914,"0.15,0.15,0.31,0.23,0.23,0.07,0.15,0.07,0.23,0.07,0.23,0.15,0.31,0,0.23,0.23,0.15,0.23"
69,coord_w0.08_i16,-0.00195437706178421,1.0029096648094984,1.1581293102728827,0.9160992885841674,0.999923958311029,1.0023292237006232,1.0768808168140591,0.03826908017067433,"0.15,0.15,0.31,0.23,0.23,0.07,0.15,0.07,0.23,0.07,0.23,0.15,0.31,0,0.23,0.23,0.07,0.23"
70,coord_w0.08_i16,-inf,0.9991358253496626,1.159147753106691,0.9160992885841672,1.000690521697575,1.0038541824874188,1.0768808168140602,0.037954441214986506,"0.15,0.15,0.31,0.23,0.23,0.07,0.15,0.07,0.23,0.07,0.23,0.15,0.31,0,0.23,0.23,0.23,0.23"
71,coord_w0.08_i17,-0.0019257145501078118,1.003056108905076,1.1587067141687954,0.916099288584167,1.0004138192502392,1.0029824203509552,1.07688081681406,0.03799388399652368,"0.15,0.15,0.31,0.23,0.23,0.07,0.15,0.07,0.23,0.07,0.23,0.15,0.31,0,0.23,0.23,0.15,0.15"
72,coord_w0.08_i17,-0.0019335454973067817,1.0031338346168552,1.158724857306823,0.9160992885841674,1.0003864126813657,1.003854182487419,1.0768808168140596,0.03807263549669914,"0.15,0.15,0.31,0.23,0.23,0.07,0.15,0.07,0.23,0.07,0.23,0.15,0.31,0,0.23,0.23,0.15,0.23"
73,coord_w0.035_i0,-0.0019363666434471767,1.0030561089050738,1.1563874383470536,0.9160992885841672,0.9986264612667725,0.999798273523536,1.076880816814058,0.03811943891548399,"0.115,0.15,0.31,0.23,0.23,0.07,0.15,0.07,0.23,0.07,0.23,0.15,0.31,0,0.23,0.23,0.15,0.15"
74,coord_w0.035_i0,-0.0019482469045651691,1.0030561089050738,1.1604415700177462,0.9160992885841683,1.0017500974867857,1.0058357917130047,1.0768808168140585,0.03819932681882711,"0.185,0.15,0.31,0.23,0.23,0.07,0.15,0.07,0.23,0.07,0.23,0.15,0.31,0,0.23,0.23,0.15,0.15"
75,coord_w0.035_i1,-0.001945258631337032,1.0030271319879296,1.1561376319092693,0.9160992885841664,0.998518146304216,1.0023292237006247,1.07688081681406,0.03821743352624552,"0.15,0.115,0.31,0.23,0.23,0.07,0.15,0.07,0.23,0.07,0.23,0.15,0.31,0,0.23,0.23,0.15,0.15"
76,coord_w0.035_i1,-0.0019747450517728694,1.0030771615844771,1.1606831886475304,0.9160992885841672,1.0018719283517359,1.0029824203509548,1.0768808168140611,0.038437240708123425,"0.15,0.185,0.31,0.23,0.23,0.07,0.15,0.07,0.23,0.07,0.23,0.15,0.31,0,0.23,0.23,0.15,0.15"
77,coord_w0.035_i2,-0.0019254295132790946,1.003052933033443,1.1578578255357095,0.9160992885841676,0.9997087471652104,1.002329223700623,1.0768808168140596,0.03799587819537772,"0.15,0.15,0.275,0.23,0.23,0.07,0.15,0.07,0.23,0.07,0.23,0.15,0.31,0,0.23,0.23,0.15,0.15"
78,coord_w0.035_i2,-0.0019257145501078118,1.003056108905076,1.1587067141687954,0.916099288584167,1.0004138192502392,1.0029824203509552,1.07688081681406,0.03799388399652368,"0.15,0.15,0.31,0.23,0.23,0.07,0.15,0.07,0.23,0.07,0.23,0.15,0.31,0,0.23,0.23,0.15,0.15"
79,coord_w0.035_i3,-0.0019339106152713404,1.0030529330334446,1.156424483089527,0.9160992885841672,0.9986353400303974,0.9992813973174979,1.0768808168140596,0.03809518395205507,"0.15,0.15,0.275,0.195,0.23,0.07,0.15,0.07,0.23,0.07,0.23,0.15,0.31,0,0.23,0.23,0.15,0.15"
80,coord_w0.035_i3,-0.0019396461130450334,1.0030529330334417,1.1590139412109401,0.9160992885841674,1.0005740914342778,1.0036530465405367,1.076880816814058,0.038119517132331936,"0.15,0.15,0.275,0.265,0.23,0.07,0.15,0.07,0.23,0.07,0.23,0.15,0.31,0,0.23,0.23,0.15,0.15"
81,coord_w0.035_i4,-0.001924927259814367,1.0029892642295966,1.1568052689082566,0.9160992885841672,0.998919913993673,1.0000197207327508,1.0768808168140596,0.038002582693664556,"0.15,0.15,0.275,0.23,0.195,0.07,0.15,0.07,0.23,0.07,0.23,0.15,0.31,0,0.23,0.23,0.15,0.15"
82,coord_w0.035_i4,-0.0019254295132790946,1.003052933033443,1.1578578255357095,0.9160992885841676,0.9997087471652104,1.002329223700623,1.0768808168140596,0.03799587819537772,"0.15,0.15,0.275,0.23,0.23,0.07,0.15,0.07,0.23,0.07,0.23,0.15,0.31,0,0.23,0.23,0.15,0.15"
83,coord_w0.035_i5,-inf,0.9991678484912653,1.156395173440384,0.9160992885841674,0.9985061932604398,1.0000197207327504,1.0768808168140585,0.03781123310886874,"0.15,0.15,0.275,0.23,0.195,0.035,0.15,0.07,0.23,0.07,0.23,0.15,0.31,0,0.23,0.23,0.15,0.15"
84,coord_w0.035_i5,-0.0019466032250165105,1.0039561845306604,1.1571572351490267,0.9160992885841681,0.9992750027789409,1.00001972073275,1.0768808168140596,0.03819586611527382,"0.15,0.15,0.275,0.23,0.195,0.105,0.15,0.07,0.23,0.07,0.23,0.15,0.31,0,0.23,0.23,0.15,0.15"
85,coord_w0.035_i6,-0.001965336604700144,1.0029892642295966,1.1542632040630456,0.916099288584167,0.9967964617578611,0.997195326697808,1.0768808168140591,0.0384584663933567,"0.15,0.15,0.275,0.23,0.195,0.07,0.115,0.07,0.23,0.07,0.23,0.15,0.31,0,0.23,0.23,0.15,0.15"
86,coord_w0.035_i6,-0.001969425573573657,1.0029892642295963,1.158774190080207,0.9160992885841674,1.0005640752200917,1.000240834543344,1.0768808168140591,0.038395182714362,"0.15,0.15,0.275,0.23,0.195,0.07,0.185,0.07,0.23,0.07,0.23,0.15,0.31,0,0.23,0.23,0.15,0.15"
87,coord_w0.035_i7,-0.0019167444181891757,1.000030204436734,1.1564118510330876,0.9160992885841669,0.9985248315492402,1.0000166523173992,1.0768808168140598,0.037931955508585004,"0.15,0.15,0.275,0.23,0.195,0.07,0.15,0.035,0.23,0.07,0.23,0.15,0.31,0,0.23,0.23,0.15,0.15"
88,coord_w0.035_i7,-0.001924927259814367,1.0029892642295966,1.1568052689082566,0.9160992885841672,0.998919913993673,1.0000197207327508,1.0768808168140596,0.038002582693664556,"0.15,0.15,0.275,0.23,0.195,0.07,0.15,0.07,0.23,0.07,0.23,0.15,0.31,0,0.23,0.23,0.15,0.15"
89,coord_w0.035_i8,-inf,0.9996349618461293,1.1554258693291755,0.9160992885841678,0.9976783474666266,1.000016652317401,1.07688081681406,0.03807992717656979,"0.15,0.15,0.275,0.23,0.195,0.07,0.15,0.035,0.195,0.07,0.23,0.15,0.31,0,0.23,0.23,0.15,0.15"
90,coord_w0.035_i8,-0.0019145987463733542,1.0002951304890382,1.1571616493370542,0.9160992885841674,0.9991659631467498,1.0018382659092713,1.0768808168140596,0.037901885289240655,"0.15,0.15,0.275,0.23,0.195,0.07,0.15,0.035,0.265,0.07,0.23,0.15,0.31,0,0.23,0.23,0.15,0.15"
91,coord_w0.035_i9,-0.0019173150453821572,1.000295130489038,1.1557705520792472,0.916099288584167,0.9980536763337968,0.9980094580869712,1.0768808168140593,0.03794520418735737,"0.15,0.15,0.275,0.23,0.195,0.07,0.15,0.035,0.265,0.035,0.23,0.15,0.31,0,0.23,0.23,0.15,0.15"
92,coord_w0.035_i9,-0.001921706585045156,1.000295130489039,1.1581775334291398,0.9160992885841676,0.999982488593844,1.0034238710620378,1.0768808168140607,0.037958463006489786,"0.15,0.15,0.275,0.23,0.195,0.07,0.15,0.035,0.265,0.105,0.23,0.15,0.31,0,0.23,0.23,0.15,0.15"
93,coord_w0.035_i10,-0.0019144722601946293,1.0002951304890386,1.1567867398536678,0.916099288584168,0.9988411031186306,0.9997370933105545,1.076880816814061,0.03790302096599641,"0.15,0.15,0.275,0.23,0.195,0.07,0.15,0.035,0.265,0.07,0.195,0.15,0.31,0,0.23,0.23,0.15,0.15"
94,coord_w0.035_i10,-0.0019145987463733542,1.0002951304890382,1.1571616493370542,0.9160992885841674,0.9991659631467498,1.0018382659092713,1.0768808168140596,0.037901885289240655,"0.15,0.15,0.275,0.23,0.195,0.07,0.15,0.035,0.265,0.07,0.23,0.15,0.31,0,0.23,0.23,0.15,0.15"
95,coord_w0.035_i11,-0.0019133848988424828,1.000295130489038,1.1568898084664536,0.9160992885841672,0.9989658228989804,1.0010140755664745,1.07688081681406,0.03789212415650163,"0.15,0.15,0.275,0.23,0.195,0.07,0.15,0.035,0.265,0.07,0.195,0.115,0.31,0,0.23,0.23,0.15,0.15"
96,coord_w0.035_i11,-0.0019144722601946293,1.0002951304890386,1.1567867398536678,0.916099288584168,0.9988411031186306,0.9997370933105545,1.076880816814061,0.03790302096599641,"0.15,0.15,0.275,0.23,0.195,0.07,0.15,0.035,0.265,0.07,0.195,0.15,0.31,0,0.23,0.23,0.15,0.15"
97,coord_w0.035_i12,-0.0019180155991816573,1.000289441540193,1.1568914657579743,0.9160992885841674,0.9989454859242747,1.0010140755664747,1.076880816814061,0.037942004181480346,"0.15,0.15,0.275,0.23,0.195,0.07,0.15,0.035,0.265,0.07,0.195,0.115,0.275,0,0.23,0.23,0.15,0.15"
98,coord_w0.035_i12,-0.001910347262699659,1.0002998218829513,1.1567332340981324,0.9160992885841672,0.9988699942218038,1.001014075566475,1.0768808168140602,0.03786020324369408,"0.15,0.15,0.275,0.23,0.195,0.07,0.15,0.035,0.265,0.07,0.195,0.115,0.345,0,0.23,0.23,0.15,0.15"
99,coord_w0.035_i13,-0.0019126642020921396,1.000303792654738,1.1567386564899533,0.916099288584167,0.9988618682344557,1.0010140755664754,1.0768808168140602,0.03788521803158338,"0.15,0.15,0.275,0.23,0.195,0.07,0.15,0.035,0.265,0.07,0.195,0.115,0.345,0.035,0.23,0.23,0.15,0.15"
100,coord_w0.035_i14,-0.00191477432587704,1.0019927087501577,1.1567991926630412,0.9160992885841672,0.9989612583586831,1.0010140755664754,1.0768808168140607,0.037901834554969795,"0.15,0.15,0.275,0.23,0.195,0.07,0.15,0.035,0.265,0.07,0.195,0.115,0.345,0,0.195,0.23,0.15,0.15"
101,coord_w0.035_i14,-inf,0.9984613362757645,1.1566505958351,0.916099288584167,0.9987624951509213,1.0010140755664747,1.0768808168140602,0.03782614454228163,"0.15,0.15,0.275,0.23,0.195,0.07,0.15,0.035,0.265,0.07,0.195,0.115,0.345,0,0.265,0.23,0.15,0.15"
102,coord_w0.035_i15,-inf,0.9999623397934474,1.1565756023164642,0.9160992885841678,0.9987137692645677,1.0010898681067286,1.0768808168140593,0.037880885531830506,"0.15,0.15,0.275,0.23,0.195,0.07,0.15,0.035,0.265,0.07,0.195,0.115,0.345,0,0.23,0.195,0.15,0.15"
103,coord_w0.035_i15,-0.0019089145140463097,1.0006124590325456,1.1568013930582723,0.9160992885841674,0.9989502045169004,1.000620023609382,1.0768808168140596,0.03784370567629825,"0.15,0.15,0.275,0.23,0.195,0.07,0.15,0.035,0.265,0.07,0.195,0.115,0.345,0,0.23,0.265,0.15,0.15"
104,coord_w0.035_i16,-0.0019199167967741773,1.0003907083735668,1.1564979560704127,0.9160992885841678,0.9987114449833365,0.9991952746537147,1.0768808168140596,0.03794859879918235,"0.15,0.15,0.275,0.23,0.195,0.07,0.15,0.035,0.265,0.07,0.195,0.115,0.345,0,0.23,0.265,0.115,0.15"
105,coord_w0.035_i16,-0.0019001763629874302,1.0008231725806742,1.1570667072510183,0.9160992885841674,0.9991543072671831,1.0012931608501607,1.0768808168140585,0.037760874614179346,"0.15,0.15,0.275,0.23,0.195,0.07,0.15,0.035,0.265,0.07,0.195,0.115,0.345,0,0.23,0.265,0.185,0.15"
106,coord_w0.035_i17,-0.0018981811476174411,1.0009684785418855,1.1569228026348306,0.916099288584167,0.9990451340741258,1.0010678647213902,1.0768808168140591,0.03774252490144552,"0.15,0.15,0.275,0.23,0.195,0.07,0.15,0.035,0.265,0.07,0.195,0.115,0.345,0,0.23,0.265,0.185,0.115"
107,coord_w0.035_i17,-0.0019001763629874302,1.0008231725806742,1.1570667072510183,0.9160992885841674,0.9991543072671831,1.0012931608501607,1.0768808168140585,0.037760874614179346,"0.15,0.15,0.275,0.23,0.195,0.07,0.15,0.035,0.265,0.07,0.195,0.115,0.345,0,0.23,0.265,0.185,0.15"
108,coord_w0.035_i0,-0.0019117192804628963,1.0009684785418862,1.1547470962956639,0.9160992885841678,0.9973683249219569,0.9963406827720771,1.07688081681406,0.037908967831701064,"0.115,0.15,0.275,0.23,0.195,0.07,0.15,0.035,0.265,0.07,0.195,0.115,0.345,0,0.23,0.265,0.185,0.115"
109,coord_w0.035_i0,-0.001913997612352326,1.0009684785418864,1.158524959277057,0.9160992885841678,1.0002792727843324,1.0038160150653295,1.0768808168140607,0.03788024334307406,"0.185,0.15,0.275,0.23,0.195,0.07,0.15,0.035,0.265,0.07,0.195,0.115,0.345,0,0.23,0.265,0.185,0.115"
110,coord_w0.035_i1,-0.0019610211901301237,1.0009680221457178,1.1543339111683442,0.9160992885841672,0.9971361403555943,1.001067864721393,1.0768808168140598,0.0384294289381447,"0.15,0.115,0.275,0.23,0.195,0.07,0.15,0.035,0.265,0.07,0.195,0.115,0.345,0,0.23,0.265,0.185,0.115"
111,coord_w0.035_i1,-0.0019125083938042204,1.000968812414237,1.1589227742658452,0.9160992885841674,1.0005196198413595,1.0018915813410245,1.0768808168140598,0.037862789333731786,"0.15,0.185,0.275,0.23,0.195,0.07,0.15,0.035,0.265,0.07,0.195,0.115,0.345,0,0.23,0.265,0.185,0.115"
112,coord_w0.035_i2,-0.0019039694052540939,1.0009445294757933,1.1557999861805743,0.9160992885841667,0.9981125808842151,0.9983003069261422,1.07688081681406,0.03781503898918392,"0.15,0.15,0.24,0.23,0.195,0.07,0.15,0.035,0.265,0.07,0.195,0.115,0.345,0,0.23,0.265,0.185,0.115"
113,coord_w0.035_i2,-0.0019109209435866138,1.0009877362617847,1.1578651345869047,0.9160992885841674,0.9998277203748935,1.0012931608501612,1.0768808168140593,0.03785411284576069,"0.15,0.15,0.31,0.23,0.195,0.07,0.15,0.035,0.265,0.07,0.195,0.115,0.345,0,0.23,0.265,0.185,0.115"
114,coord_w0.035_i3,-0.001908745870139829,1.0009684785418849,1.1556561343938285,0.9160992885841669,0.9980969783411769,0.9988987274170076,1.0768808168140596,0.03786516001725575,"0.15,0.15,0.275,0.195,0.195,0.07,0.15,0.035,0.265,0.07,0.195,0.115,0.345,0,0.23,0.265,0.185,0.115"
115,coord_w0.035_i3,-0.0019055897600488037,1.0009684785418853,1.1579279671437372,0.9160992885841681,0.9997970933267517,1.0019013703357778,1.0768808168140596,0.03780339852619075,"0.15,0.15,0.275,0.265,0.195,0.07,0.15,0.035,0.265,0.07,0.195,0.115,0.345,0,0.23,0.265,0.185,0.115"
116,coord_w0.035_i4,-0.001925247053343407,1.0009682168015217,1.1554522450746676,0.9160992885841678,0.9979376342203986,1.0010678647213918,1.0768808168140596,0.03804228001432232,"0.15,0.15,0.275,0.23,0.16,0.07,0.15,0.035,0.265,0.07,0.195,0.115,0.345,0,0.23,0.265,0.185,0.115"
117,coord_w0.035_i4,-0.0018951660439040466,1.0009686795260004,1.1580533982823913,0.9160992885841672,0.9998938289323179,1.0018915813410256,1.0768808168140596,0.03770119632283099,"0.15,0.15,0.275,0.23,0.23,0.07,0.15,0.035,0.265,0.07,0.195,0.115,0.345,0,0.23,0.265,0.185,0.115"
118,coord_w0.035_i5,-inf,0.9974569807773733,1.1576238181961942,0.9160992885841674,0.9994601219292474,1.001819556657284,1.0768808168140607,0.03751245289840011,"0.15,0.15,0.275,0.23,0.23,0.035,0.15,0.035,0.265,0.07,0.195,0.115,0.345,0,0.23,0.265,0.185,0.115"
119,coord_w0.035_i5,-0.001916664249640237,1.0009856995610902,1.1584226825388586,0.916099288584167,1.0002666743586937,1.0019532679903362,1.0768808168140585,0.03789616910838384,"0.15,0.15,0.275,0.23,0.23,0.105,0.15,0.035,0.265,0.07,0.195,0.115,0.345,0,0.23,0.265,0.185,0.115"
120,coord_w0.035_i6,-0.0019264429261564818,1.0009686795260007,1.155784642522841,0.9160992885841672,0.9979987568382999,1.001056803964036,1.0768808168140598,0.03805025826368982,"0.15,0.15,0.275,0.23,0.23,0.07,0.115,0.035,0.265,0.07,0.195,0.115,0.345,0,0.23,0.265,0.185,0.115"
121,coord_w0.035_i6,-0.0019303384206795073,1.0009686795259998,1.15978062833539,0.9160992885841669,1.0013361295955348,1.002767706273546,1.0768808168140591,0.03802001946062768,"0.15,0.15,0.275,0.23,0.23,0.07,0.185,0.035,0.265,0.07,0.195,0.115,0.345,0,0.23,0.265,0.185,0.115"
122,coord_w0.035_i7,-inf,0.9965046750789222,1.157604326386953,0.916099288584167,0.9994427881012683,1.0015729707177536,1.0768808168140618,0.03765813749701295,"0.15,0.15,0.275,0.23,0.23,0.07,0.15,1.3877788e-17,0.265,0.07,0.195,0.115,0.345,0,0.23,0.265,0.185,0.115"
123,coord_w0.035_i7,-0.0019042048407604765,1.0014778856456361,1.1584490757349095,0.916099288584167,1.0002912381445064,1.0018915813410256,1.076880816814059,0.037782535163073276,"0.15,0.15,0.275,0.23,0.23,0.07,0.15,0.07,0.265,0.07,0.195,0.115,0.345,0,0.23,0.265,0.185,0.115"
124,coord_w0.035_i8,-0.001896536549324555,1.0007168956363612,1.1573174516481708,0.9160992885841676,0.9992650604485591,1.0012931608501598,1.0768808168140602,0.03772072170704969,"0.15,0.15,0.275,0.23,0.23,0.07,0.15,0.035,0.23,0.07,0.195,0.115,0.345,0,0.23,0.265,0.185,0.115"
125,coord_w0.035_i8,-0.001899112542461723,1.0011185893217454,1.158604122518867,0.9160992885841674,1.000361504955246,1.0029930024023157,1.0768808168140602,0.03773521862246087,"0.15,0.15,0.275,0.23,0.23,0.07,0.15,0.035,0.3,0.07,0.195,0.115,0.345,0,0.23,0.265,0.185,0.115"
126,coord_w0.035_i9,-0.0019041441575737524,1.0009686795259993,1.1562504590526261,0.9160992885841674,0.9984566029727319,0.9986238879625714,1.0768808168140591,0.037809016680521675,"0.15,0.15,0.275,0.23,0.23,0.07,0.15,0.035,0.265,0.035,0.195,0.115,0.345,0,0.23,0.265,0.185,0.115"
127,coord_w0.035_i9,-0.0019038634896325686,1.0009686795259998,1.1593676543743148,0.916099288584167,1.000945893310983,1.004222541133938,1.0768808168140596,0.037775457021726654,"0.15,0.15,0.275,0.23,0.23,0.07,0.15,0.035,0.265,0.105,0.195,0.115,0.345,0,0.23,0.265,0.185,0.115"
128,coord_w0.035_i10,-0.001894870889621855,1.0009686795260002,1.1574228436320015,0.9160992885841674,0.9993681733852355,1.0010845190276616,1.0768808168140598,0.03770200614226005,"0.15,0.15,0.275,0.23,0.23,0.07,0.15,0.035,0.265,0.07,0.16,0.115,0.345,0,0.23,0.265,0.185,0.115"
129,coord_w0.035_i10,-0.0018951660439040466,1.0009686795260004,1.1580533982823913,0.9160992885841672,0.9998938289323179,1.0018915813410256,1.0768808168140596,0.03770119632283099,"0.15,0.15,0.275,0.23,0.23,0.07,0.15,0.035,0.265,0.07,0.195,0.115,0.345,0,0.23,0.265,0.185,0.115"
130,coord_w0.035_i11,-0.0018960195151988797,1.0009686795260002,1.157314457956921,0.916099288584167,0.9993252649669504,1.0010111583389418,1.0768808168140604,0.037714530083005675,"0.15,0.15,0.275,0.23,0.23,0.07,0.15,0.035,0.265,0.07,0.16,0.08,0.345,0,0.23,0.265,0.185,0.115"
131,coord_w0.035_i11,-0.0019014004339100111,1.0009686795260007,1.1574168371179117,0.9160992885841674,0.9993197269332519,1.002767706273546,1.0768808168140602,0.03776818508306406,"0.15,0.15,0.275,0.23,0.23,0.07,0.15,0.035,0.265,0.07,0.16,0.15,0.345,0,0.23,0.265,0.185,0.115"
132,coord_w0.035_i12,-0.0019013149327783898,1.0009639907432055,1.1575013348491459,0.9160992885841676,0.9994040409290255,1.0010845190276623,1.0768808168140598,0.03776839261241142,"0.15,0.15,0.275,0.23,0.23,0.07,0.15,0.035,0.265,0.07,0.16,0.115,0.31,0,0.23,0.265,0.185,0.115"
133,coord_w0.035_i12,-0.0018888309713004255,1.0009726157009902,1.1571961917896958,0.9160992885841672,0.9992212887005453,1.001028393502874,1.0768808168140607,0.0376409089616021,"0.15,0.15,0.275,0.23,0.23,0.07,0.15,0.035,0.265,0.07,0.16,0.115,0.38,0,0.23,0.265,0.185,0.115"
134,coord_w0.035_i13,-0.0018911745868623465,1.0009759986475695,1.1572423159311258,0.9160992885841672,0.9992458384783156,1.001084519027661,1.0768808168140602,0.03766543103758135,"0.15,0.15,0.275,0.23,0.23,0.07,0.15,0.035,0.265,0.07,0.16,0.115,0.38,0.035,0.23,0.265,0.185,0.115"
135,coord_w0.035_i14,-0.0018926263593702307,1.0015464915381385,1.1572644776632073,0.9160992885841674,0.9993142524456753,1.0007052222996369,1.076880816814059,0.03767607578170883,"0.15,0.15,0.275,0.23,0.23,0.07,0.15,0.035,0.265,0.07,0.16,0.115,0.38,0,0.195,0.265,0.185,0.115"
136,coord_w0.035_i14,-inf,0.9991305082226928,1.1571114189383074,0.9160992885841672,0.9991122271106333,1.0010845190276618,1.0768808168140602,0.03761283753772154,"0.15,0.15,0.275,0.23,0.23,0.07,0.15,0.035,0.265,0.07,0.16,0.115,0.38,0,0.265,0.265,0.185,0.115"
137,coord_w0.035_i15,-0.0018899750011621987,1.000657175149937,1.1571100620023855,0.916099288584167,0.9991258762686963,1.0010283935028739,1.0768808168140598,0.0376543291817933,"0.15,0.15,0.275,0.23,0.23,0.07,0.15,0.035,0.265,0.07,0.16,0.115,0.38,0,0.23,0.23,0.185,0.115"
138,coord_w0.035_i15,-0.001888063452585471,1.0012653071821103,1.1571937390831724,0.9160992885841672,0.9992415691935698,1.0004377746936877,1.076880816814059,0.037632156222239393,"0.15,0.15,0.275,0.23,0.23,0.07,0.15,0.035,0.265,0.07,0.16,0.115,0.38,0,0.23,0.3,0.185,0.115"
139,coord_w0.035_i16,-0.001898838234490071,1.0010573481399503,1.156921644745606,0.916099288584167,0.9990320193785545,0.9990658246684445,1.0768808168140598,0.03773438689531936,"0.15,0.15,0.275,0.23,0.23,0.07,0.15,0.035,0.265,0.07,0.16,0.115,0.38,0,0.23,0.3,0.15,0.115"
140,coord_w0.035_i16,-inf,0.9997928185422797,1.157427801854677,0.916099288584167,0.9994163325070087,1.001028393502875,1.0768808168140616,0.03755118502384735,"0.15,0.15,0.275,0.23,0.23,0.07,0.15,0.035,0.265,0.07,0.16,0.115,0.38,0,0.23,0.3,0.22,0.115"
141,coord_w0.035_i17,-0.001887970477522164,1.0013869016931372,1.15699519371483,0.9160992885841672,0.9990853395772943,0.9993705936529507,1.076880816814062,0.037632468530486095,"0.15,0.15,0.275,0.23,0.23,0.07,0.15,0.035,0.265,0.07,0.16,0.115,0.38,0,0.23,0.3,0.185,0.08"
142,coord_w0.035_i17,-0.001888063452585471,1.0012653071821103,1.1571937390831724,0.9160992885841672,0.9992415691935698,1.0004377746936877,1.076880816814059,0.037632156222239393,"0.15,0.15,0.275,0.23,0.23,0.07,0.15,0.035,0.265,0.07,0.16,0.115,0.38,0,0.23,0.3,0.185,0.115"
143,coord_w0.015_i0,-0.0018912871421984479,1.0013869016931352,1.1561906396551083,0.9160992885841672,0.9984654079745301,0.9978216829142169,1.07688081681406,0.03767412503504324,"0.135,0.15,0.275,0.23,0.23,0.07,0.15,0.035,0.265,0.07,0.16,0.115,0.38,0,0.23,0.3,0.185,0.08"
144,coord_w0.015_i0,-0.0018895669115283132,1.0013869016931352,1.157697909552179,0.916099288584167,0.9996266908517898,1.0001255790693602,1.0768808168140598,0.03764205085453716,"0.165,0.15,0.275,0.23,0.23,0.07,0.15,0.035,0.265,0.07,0.16,0.115,0.38,0,0.23,0.3,0.185,0.08"
145,coord_w0.015_i1,-0.0018932172298306818,1.0013867482293954,1.1558343343899309,0.9160992885841674,0.9982295727668962,0.997828058093712,1.0768808168140591,0.03769811335207743,"0.15,0.135,0.275,0.23,0.23,0.07,0.15,0.035,0.265,0.07,0.16,0.115,0.38,0,0.23,0.3,0.185,0.08"
146,coord_w0.015_i1,-0.0018997728820166174,1.0013870361621249,1.15804048512766,0.9160992885841672,0.9998558514722362,0.999370593652952,1.0768808168140613,0.03773545975050195,"0.15,0.165,0.275,0.23,0.23,0.07,0.15,0.035,0.265,0.07,0.16,0.115,0.38,0,0.23,0.3,0.185,0.08"
147,coord_w0.015_i2,-0.0018911701814676653,1.0013776611576908,1.156527049713244,0.9160992885841674,0.9986965783562779,0.9989416490806716,1.0768808168140591,0.037670258464791495,"0.15,0.15,0.26,0.23,0.23,0.07,0.15,0.035,0.265,0.07,0.16,0.115,0.38,0,0.23,0.3,0.185,0.08"
148,coord_w0.015_i2,-0.0018883133231841207,1.0013953159645141,1.1574296503561357,0.9160992885841676,0.9994461131070634,1.0010283935028745,1.0768808168140604,0.037632631246595986,"0.15,0.15,0.29,0.23,0.23,0.07,0.15,0.035,0.265,0.07,0.16,0.115,0.38,0,0.23,0.3,0.185,0.08"
149,coord_w0.015_i3,-0.0018892974660175753,1.001386901693135,1.1565378850279706,0.9160992885841667,0.9987432268400245,0.99782644417109,1.0768808168140596,0.03764988365153358,"0.15,0.15,0.275,0.215,0.23,0.07,0.15,0.035,0.265,0.07,0.16,0.115,0.38,0,0.23,0.3,0.185,0.08"
150,coord_w0.015_i3,-0.001889304653108468,1.0013869016931356,1.1574069702835228,0.9160992885841674,0.9993932995301467,0.9998962343127598,1.0768808168140598,0.0376417534682843,"0.15,0.15,0.275,0.245,0.23,0.07,0.15,0.035,0.265,0.07,0.16,0.115,0.38,0,0.23,0.3,0.185,0.08"
151,coord_w0.015_i4,-0.0018892324160701798,1.0013868260486105,1.1565176717468142,0.9160992885841674,0.99872671222014,0.9982649227846871,1.0768808168140607,0.037650090457070115,"0.15,0.15,0.275,0.23,0.215,0.07,0.15,0.035,0.265,0.07,0.16,0.115,0.38,0,0.23,0.3,0.185,0.08"
152,coord_w0.015_i4,-0.00188949839075009,1.0013869697632773,1.1574248012896908,0.9160992885841674,0.9994074708896943,0.99937059365295,1.0768808168140598,0.037642208507139445,"0.15,0.15,0.275,0.23,0.245,0.07,0.15,0.035,0.265,0.07,0.16,0.115,0.38,0,0.23,0.3,0.185,0.08"
153,coord_w0.015_i5,-inf,0.9999047628975882,1.1568186217693524,0.9160992885841672,0.9989072214191822,0.9993376384926727,1.07688081681406,0.0375502100525872,"0.15,0.15,0.275,0.23,0.23,0.055,0.15,0.035,0.265,0.07,0.16,0.115,0.38,0,0.23,0.3,0.185,0.08"
154,coord_w0.015_i5,-0.001897203247318202,1.0013944160208168,1.157160611007066,0.9160992885841672,0.9992522086921101,0.9994014066563902,1.0768808168140607,0.0377157562734571,"0.15,0.15,0.275,0.23,0.23,0.085,0.15,0.035,0.265,0.07,0.16,0.115,0.38,0,0.23,0.3,0.185,0.08"
155,coord_w0.015_i6,-0.0018983322401933903,1.0013869016931345,1.1561608090209612,0.9160992885841672,0.9983884093228601,0.9993667547908271,1.0768808168140602,0.03774976384087768,"0.15,0.15,0.275,0.23,0.23,0.07,0.135,0.035,0.265,0.07,0.16,0.115,0.38,0,0.23,0.3,0.185,0.08"
156,coord_w0.015_i6,-0.0018881708506528036,1.0013869016931345,1.157734194286761,0.9160992885841678,0.9997025203281685,1.0010318135967364,1.0768808168140598,0.03762858568764581,"0.15,0.15,0.275,0.23,0.23,0.07,0.165,0.035,0.265,0.07,0.16,0.115,0.38,0,0.23,0.3,0.185,0.08"
157,coord_w0.015_i7,-inf,0.999539239910624,1.1568093568190165,0.916099288584167,0.9988986899653607,0.99937059365295,1.0768808168140607,0.03760612874711304,"0.15,0.15,0.275,0.23,0.23,0.07,0.15,0.02,0.265,0.07,0.16,0.115,0.38,0,0.23,0.3,0.185,0.08"
158,coord_w0.015_i7,-0.0018917409443813574,1.0015501240482154,1.157171343671139,0.9160992885841674,0.9992622594636561,0.99937059365295,1.0768808168140616,0.03766571565542603,"0.15,0.15,0.275,0.23,0.23,0.07,0.15,0.05,0.265,0.07,0.16,0.115,0.38,0,0.23,0.3,0.185,0.08"
159,coord_w0.015_i8,-0.0018891352436729116,1.0013068888975416,1.156724481743702,0.916099288584168,0.9988549697947791,0.9987994889315464,1.0768808168140602,0.03764719535412203,"0.15,0.15,0.275,0.23,0.23,0.07,0.15,0.035,0.25,0.07,0.16,0.115,0.38,0,0.23,0.3,0.185,0.08"
160,coord_w0.015_i8,-0.0018877005072872868,1.0014489791280001,1.1572330874969803,0.9160992885841672,0.9992871706488151,1.0002234336438893,1.0768808168140598,0.037627795223394975,"0.15,0.15,0.275,0.23,0.23,0.07,0.15,0.035,0.28,0.07,0.16,0.115,0.38,0,0.23,0.3,0.185,0.08"
161,coord_w0.015_i9,-0.00189320758025541,1.0014489791280015,1.1564057802236476,0.9160992885841669,0.9986276582342359,0.9988489692480944,1.07688081681406,0.037692484502748626,"0.15,0.15,0.275,0.23,0.23,0.07,0.15,0.035,0.28,0.055,0.16,0.115,0.38,0,0.23,0.3,0.185,0.08"
162,coord_w0.015_i9,-0.0018867996400110988,1.0014489791280012,1.1579545518196892,0.9160992885841669,0.9998632432623783,1.0007773392390524,1.0768808168140604,0.03761310190926808,"0.15,0.15,0.275,0.23,0.23,0.07,0.15,0.035,0.28,0.085,0.16,0.115,0.38,0,0.23,0.3,0.185,0.08"
163,coord_w0.015_i10,-0.0018870204391430517,1.0014489791280001,1.1576759783640467,0.9160992885841672,0.9996317321630647,1.0007490743036966,1.0768808168140591,0.03761668500342833,"0.15,0.15,0.275,0.23,0.23,0.07,0.15,0.035,0.28,0.085,0.145,0.115,0.38,0,0.23,0.3,0.185,0.08"
164,coord_w0.015_i10,-0.0018877319906721712,1.0014489791280012,1.1581999855337772,0.916099288584167,1.0000687184908217,1.0018311334669336,1.0768808168140602,0.03762137301756899,"0.15,0.15,0.275,0.23,0.23,0.07,0.15,0.035,0.28,0.085,0.175,0.115,0.38,0,0.23,0.3,0.185,0.08"
165,coord_w0.015_i11,-0.00188668602092739,1.001448979128,1.1579579323680402,0.9160992885841672,0.9998841073242677,1.0014601213908885,1.0768808168140591,0.037612535242318924,"0.15,0.15,0.275,0.23,0.23,0.07,0.15,0.035,0.28,0.085,0.16,0.1,0.38,0,0.23,0.3,0.185,0.08"
166,coord_w0.015_i11,-0.0018867996400110988,1.0014489791280012,1.1579545518196892,0.9160992885841669,0.9998632432623783,1.0007773392390524,1.0768808168140604,0.03761310190926808,"0.15,0.15,0.275,0.23,0.23,0.07,0.15,0.035,0.28,0.085,0.16,0.115,0.38,0,0.23,0.3,0.185,0.08"
167,coord_w0.015_i12,-0.0018890847707293444,1.0014473697691184,1.158072281916074,0.9160992885841672,0.9999599450743497,1.0015094144814536,1.0768808168140602,0.037637025543092506,"0.15,0.15,0.275,0.23,0.23,0.07,0.15,0.035,0.28,0.085,0.16,0.1,0.365,0,0.23,0.3,0.185,0.08"
168,coord_w0.015_i12,-0.0018847065839182333,1.0014504820272099,1.157818728327786,0.916099288584167,0.9997896695863595,1.0008185520411057,1.07688081681406,0.0375921254744281,"0.15,0.15,0.275,0.23,0.23,0.07,0.15,0.035,0.28,0.085,0.16,0.1,0.395,0,0.23,0.3,0.185,0.08"
169,coord_w0.015_i13,-0.0018855611304269303,1.001451901803996,1.157839763839498,0.9160992885841667,0.9998011698269478,1.0009611680743984,1.0768808168140607,0.03760125083261868,"0.15,0.15,0.275,0.23,0.23,0.07,0.15,0.035,0.28,0.085,0.16,0.1,0.395,0.015,0.23,0.3,0.185,0.08"
170,coord_w0.015_i14,-0.0018864314308126883,1.001578042311589,1.15785214288684,0.9160992885841678,0.999833096036097,1.000687876709404,1.0768808168140598,0.03760817931955143,"0.15,0.15,0.275,0.23,0.23,0.07,0.15,0.035,0.28,0.085,0.16,0.1,0.395,0,0.215,0.3,0.185,0.08"
171,coord_w0.015_i14,-0.0018831162532975613,1.0006788493272816,1.1577823117194341,0.9160992885841678,0.9997433061278611,1.0009481568668308,1.0768808168140591,0.037577323943497325,"0.15,0.15,0.275,0.23,0.23,0.07,0.15,0.035,0.28,0.085,0.16,0.1,0.395,0,0.245,0.3,0.185,0.08"
172,coord_w0.015_i15,-0.0018831462594304904,1.0005429505010823,1.1577619478706387,0.9160992885841674,0.999716016145881,1.00094815686683,1.076880816814059,0.03757819213757991,"0.15,0.15,0.275,0.23,0.23,0.07,0.15,0.035,0.28,0.085,0.16,0.1,0.395,0,0.245,0.285,0.185,0.08"
173,coord_w0.015_i15,-0.0018832204181594373,1.0008104605648631,1.1577852262215091,0.9160992885841674,0.9997558090950275,1.0009481568668306,1.0768808168140593,0.03757794108958836,"0.15,0.15,0.275,0.23,0.23,0.07,0.15,0.035,0.28,0.085,0.16,0.1,0.395,0,0.245,0.315,0.185,0.08"
174,coord_w0.015_i16,-0.0018875971880415565,1.0005817449207883,1.1576447714180365,0.916099288584167,0.999635808059292,1.00094815686683,1.076880816814058,0.037619602501033064,"0.15,0.15,0.275,0.23,0.23,0.07,0.15,0.035,0.28,0.085,0.16,0.1,0.395,0,0.245,0.3,0.17,0.08"
175,coord_w0.015_i16,-0.001879140385560847,1.000773816602496,1.157911974585782,0.9160992885841669,0.9998436547388119,1.0013000314472682,1.0768808168140585,0.03754013273125256,"0.15,0.15,0.275,0.23,0.23,0.07,0.15,0.035,0.28,0.085,0.16,0.1,0.395,0,0.245,0.3,0.2,0.08"
176,coord_w0.015_i17,-0.0018787785496852587,1.0008047657748256,1.1577859535449009,0.9160992885841669,0.9997411792810673,1.0009481568668304,1.0768808168140591,0.03753716140107671,"0.15,0.15,0.275,0.23,0.23,0.07,0.15,0.035,0.28,0.085,0.16,0.1,0.395,0,0.245,0.3,0.2,0.065"
177,coord_w0.015_i17,-0.001879140385560847,1.000773816602496,1.157911974585782,0.9160992885841669,0.9998436547388119,1.0013000314472682,1.0768808168140585,0.03754013273125256,"0.15,0.15,0.275,0.23,0.23,0.07,0.15,0.035,0.28,0.085,0.16,0.1,0.395,0,0.245,0.3,0.2,0.08"
178,coord_w0.015_i0,-0.0018789725307835638,1.0008047657748271,1.156953982322822,0.9160992885841676,0.9991000506307058,0.9998004301922936,1.0768808168140602,0.037544580062531085,"0.135,0.15,0.275,0.23,0.23,0.07,0.15,0.035,0.28,0.085,0.16,0.1,0.395,0,0.245,0.3,0.2,0.065"
179,coord_w0.015_i0,-0.001883630271702984,1.0008047657748265,1.1585142141973013,0.916099288584168,1.0003022684438816,1.002014992964941,1.0768808168140596,0.03757969751813542,"0.165,0.15,0.275,0.23,0.23,0.07,0.15,0.035,0.28,0.085,0.16,0.1,0.395,0,0.245,0.3,0.2,0.065"
180,coord_w0.015_i1,-0.001886991839700839,1.0008046179779948,1.1565918633655086,0.9160992885841678,0.9988610656985702,1.000718557220748,1.0768808168140596,0.03763129626626521,"0.15,0.135,0.275,0.23,0.23,0.07,0.15,0.035,0.28,0.085,0.16,0.1,0.395,0,0.245,0.3,0.2,0.065"
181,coord_w0.015_i1,-0.001888675665595156,1.0008048953255277,1.1588626822720616,0.9160992885841667,1.0005347304647634,1.0015094144814534,1.0768808168140596,0.03762528974403811,"0.15,0.165,0.275,0.23,0.23,0.07,0.15,0.035,0.28,0.085,0.16,0.1,0.395,0,0.245,0.3,0.2,0.065"
182,coord_w0.015_i2,-0.0018803395541648015,1.0007951778761865,1.157315689417646,0.9160992885841674,0.9993506313165937,1.0009481568668308,1.0768808168140596,0.037556235746001795,"0.15,0.15,0.26,0.23,0.23,0.07,0.15,0.035,0.28,0.085,0.16,0.1,0.395,0,0.245,0.3,0.2,0.065"
183,coord_w0.015_i2,-0.0018808509821312662,1.000813495511695,1.1582222603972707,0.9160992885841672,1.00010351312908,1.0015094144814536,1.0768808168140598,0.037554882253154835,"0.15,0.15,0.29,0.23,0.23,0.07,0.15,0.035,0.28,0.085,0.16,0.1,0.395,0,0.245,0.3,0.2,0.065"
184,coord_w0.015_i3,-0.0018795243183520431,1.000804765774825,1.157313598249124,0.9160992885841669,0.9993877838495491,1.0003005054684835,1.076880816814059,0.03754765216994554,"0.15,0.15,0.275,0.215,0.23,0.07,0.15,0.035,0.28,0.085,0.16,0.1,0.395,0,0.245,0.3,0.2,0.065"
185,coord_w0.015_i3,-0.001880878742733299,1.000804765774827,1.158212249508693,0.9160992885841676,1.0000600253833152,1.0010956723697149,1.0768808168140598,0.037554390118296685,"0.15,0.15,0.275,0.245,0.23,0.07,0.15,0.035,0.28,0.085,0.16,0.1,0.395,0,0.245,0.3,0.2,0.065"
186,coord_w0.015_i4,-0.0018811540803461543,1.0007860132675939,1.1572955930683193,0.9160992885841674,0.999372648882113,1.0007185572207489,1.076880816814059,0.037565049839865826,"0.15,0.15,0.275,0.23,0.215,0.07,0.15,0.035,0.28,0.085,0.16,0.1,0.395,0,0.245,0.3,0.2,0.065"
187,coord_w0.015_i4,-0.0018793466515598597,1.0008048331515704,1.158228156583124,0.9160992885841681,1.0000730168079626,1.0015094144814536,1.076880816814061,0.03753895219371182,"0.15,0.15,0.275,0.23,0.245,0.07,0.15,0.035,0.28,0.085,0.16,0.1,0.395,0,0.245,0.3,0.2,0.065"
188,coord_w0.015_i5,-inf,0.9991426592806153,1.1576059695427252,0.9160992885841678,0.9995595951854863,1.0009481568668304,1.07688081681406,0.037455938038305284,"0.15,0.15,0.275,0.23,0.23,0.055,0.15,0.035,0.28,0.085,0.16,0.1,0.395,0,0.245,0.3,0.2,0.065"
189,coord_w0.015_i5,-0.0018878521551443231,1.0008125566494281,1.157954504236218,0.9160992885841676,0.999911231573266,1.0009481568668308,1.0768808168140585,0.03761973419841688,"0.15,0.15,0.275,0.23,0.23,0.085,0.15,0.035,0.28,0.085,0.16,0.1,0.395,0,0.245,0.3,0.2,0.065"
190,coord_w0.015_i6,-0.0018814220421061883,1.0008047657748262,1.1569347979785756,0.9160992885841672,0.9990302844783672,1.0003005054684841,1.0768808168140596,0.037570891793423405,"0.15,0.15,0.275,0.23,0.23,0.07,0.135,0.035,0.28,0.085,0.16,0.1,0.395,0,0.245,0.3,0.2,0.065"
191,coord_w0.015_i6,-0.001887003503939394,1.0008047657748265,1.1585412795742214,0.9160992885841672,1.000371955958829,1.0009515658249108,1.07688081681406,0.037610600255240864,"0.15,0.15,0.275,0.23,0.23,0.07,0.165,0.035,0.28,0.085,0.16,0.1,0.395,0,0.245,0.3,0.2,0.065"
192,coord_w0.015_i7,-inf,0.9989117212494206,1.1575955944648235,0.916099288584167,0.9995499854520281,1.0009470568268406,1.0768808168140591,0.03751312025129911,"0.15,0.15,0.275,0.23,0.23,0.07,0.15,0.02,0.28,0.085,0.16,0.1,0.395,0,0.245,0.3,0.2,0.065"
193,coord_w0.015_i7,-0.0018822948986493683,1.0008203562572449,1.157966372693932,0.9160992885841669,0.9999223891805779,1.0009492094904857,1.0768808168140604,0.037568679092303055,"0.15,0.15,0.275,0.23,0.23,0.07,0.15,0.05,0.28,0.085,0.16,0.1,0.395,0,0.245,0.3,0.2,0.065"
194,coord_w0.015_i8,-0.001878986337254193,1.0007499543579783,1.1575580731899335,0.9160992885841672,0.9995481762759824,1.0009481568668306,1.0768808168140598,0.037540602890650164,"0.15,0.15,0.275,0.23,0.23,0.07,0.15,0.035,0.265,0.085,0.16,0.1,0.395,0,0.245,0.3,0.2,0.065"
195,coord_w0.015_i8,-0.0018792078172740435,1.0008203133354039,1.1579839923543664,0.9160992885841667,0.9999082262470571,1.0014563681148498,1.0768808168140602,0.03754034863568523,"0.15,0.15,0.275,0.23,0.23,0.07,0.15,0.035,0.295,0.085,0.16,0.1,0.395,0,0.245,0.3,0.2,0.065"
196,coord_w0.015_i9,-0.0018793560473701226,1.0008047657748256,1.157029261168663,0.9160992885841672,0.9991374998061626,0.9994750812313391,1.0768808168140596,0.037548351437288234,"0.15,0.15,0.275,0.23,0.23,0.07,0.15,0.035,0.28,0.07,0.16,0.1,0.395,0,0.245,0.3,0.2,0.065"
197,coord_w0.015_i9,-0.0018818774096424032,1.0008047657748265,1.158444795998937,0.9160992885841676,1.0002677367372261,1.0020007110840186,1.07688081681406,0.03756237651087712,"0.15,0.15,0.275,0.23,0.23,0.07,0.15,0.035,0.28,0.1,0.16,0.1,0.395,0,0.245,0.3,0.2,0.065"
198,coord_w0.015_i10,-0.0018780097862722783,1.0008047657748265,1.1574877558352203,0.9160992885841674,0.9994942406634998,1.0003005054684841,1.0768808168140602,0.037531043173488335,"0.15,0.15,0.275,0.23,0.23,0.07,0.15,0.035,0.28,0.085,0.145,0.1,0.395,0,0.245,0.3,0.2,0.065"
199,coord_w0.015_i10,-0.0018787785496852587,1.0008047657748256,1.1577859535449009,0.9160992885841669,0.9997411792810673,1.0009481568668304,1.0768808168140591,0.03753716140107671,"0.15,0.15,0.275,0.23,0.23,0.07,0.15,0.035,0.28,0.085,0.16,0.1,0.395,0,0.245,0.3,0.2,0.065"
200,coord_w0.015_i11,-0.0018782677066999376,1.0008047657748265,1.1574507213273988,0.9160992885841674,0.9994830808173241,1.0003005054684835,1.0768808168140591,0.03753403946519041,"0.15,0.15,0.275,0.23,0.23,0.07,0.15,0.035,0.28,0.085,0.145,0.085,0.395,0,0.245,0.3,0.2,0.065"
201,coord_w0.015_i11,-0.0018790807286262609,1.0008047657748254,1.1575039819260986,0.9160992885841672,0.9994887869260738,1.0003005054684855,1.0768808168140591,0.037541164532676446,"0.15,0.15,0.275,0.23,0.23,0.07,0.15,0.035,0.28,0.085,0.145,0.115,0.395,0,0.245,0.3,0.2,0.065"
202,coord_w0.015_i12,-0.00188009809525276,1.000786829621151,1.1576290625178942,0.9160992885841674,0.9995902718461485,1.0006552261147448,1.0768808168140598,0.0375523251495304,"0.15,0.15,0.275,0.23,0.23,0.07,0.15,0.035,0.28,0.085,0.145,0.1,0.38,0,0.245,0.3,0.2,0.065"
203,coord_w0.015_i12,-0.0018764999394553644,1.0008061824521723,1.1573224824128359,0.916099288584168,0.9993802852689251,0.9997155941632715,1.0768808168140598,0.03751551173771114,"0.15,0.15,0.275,0.23,0.23,0.07,0.15,0.035,0.28,0.085,0.145,0.1,0.41,0,0.245,0.3,0.2,0.065"
204,coord_w0.015_i13,-0.001877303167810867,1.000807525300213,1.1573327759407284,0.916099288584167,0.9993836755749775,0.9997155941632729,1.07688081681406,0.03752419353821761,"0.15,0.15,0.275,0.23,0.23,0.07,0.15,0.035,0.28,0.085,0.145,0.1,0.41,0.015,0.245,0.3,0.2,0.065"
205,coord_w0.015_i14,-0.0018782117033605808,1.0008462920740704,1.157360866877141,0.9160992885841672,0.9994281471158066,0.9997155941632732,1.0768808168140596,0.037531444180591254,"0.15,0.15,0.275,0.23,0.23,0.07,0.15,0.035,0.28,0.085,0.145,0.1,0.41,0,0.23,0.3,0.2,0.065"
206,coord_w0.015_i14,-0.001874932886560719,1.000005995383575,1.1572809746050843,0.916099288584167,0.9993293577399923,0.9997155941632717,1.0768808168140591,0.03750095894615189,"0.15,0.15,0.275,0.23,0.23,0.07,0.15,0.035,0.28,0.085,0.145,0.1,0.41,0,0.26,0.3,0.2,0.065"
207,coord_w0.015_i15,-inf,0.9998697313144731,1.1572568213705845,0.916099288584168,0.9992988633393084,0.9999143004728565,1.0768808168140593,0.037501588523237456,"0.15,0.15,0.275,0.23,0.23,0.07,0.15,0.035,0.28,0.085,0.145,0.1,0.41,0,0.26,0.285,0.2,0.065"
208,coord_w0.015_i15,-0.0018750500438216632,1.0001379233179648,1.157287351522179,0.9160992885841678,0.9993447890644088,0.9994525362893242,1.07688081681406,0.03750170494730385,"0.15,0.15,0.275,0.23,0.23,0.07,0.15,0.035,0.28,0.085,0.145,0.1,0.41,0,0.26,0.315,0.2,0.065"
209,coord_w0.015_i16,-inf,0.9999086501933323,1.1571421398444115,0.9160992885841672,0.999221209726719,0.9993357651003612,1.0768808168140591,0.03754261421537359,"0.15,0.15,0.275,0.23,0.23,0.07,0.15,0.035,0.28,0.085,0.145,0.1,0.41,0,0.26,0.3,0.185,0.065"
210,coord_w0.015_i16,-0.001871078174388739,1.0000795580608153,1.1574116436160522,0.9160992885841678,0.9994300915314949,1.000299914455616,1.0768808168140596,0.03746467016196842,"0.15,0.15,0.275,0.23,0.23,0.07,0.15,0.035,0.28,0.085,0.145,0.1,0.41,0,0.26,0.3,0.215,0.065"
211,coord_w0.015_i17,-0.0018706374329820622,1.0000612560361464,1.1572738520284234,0.9160992885841674,0.9993174813132581,0.9997546858958348,1.0768808168140596,0.03746125140286501,"0.15,0.15,0.275,0.23,0.23,0.07,0.15,0.035,0.28,0.085,0.145,0.1,0.41,0,0.26,0.3,0.215,0.05"
212,coord_w0.015_i17,-0.001871078174388739,1.0000795580608153,1.1574116436160522,0.9160992885841678,0.9994300915314949,1.000299914455616,1.0768808168140596,0.03746467016196842,"0.15,0.15,0.275,0.23,0.23,0.07,0.15,0.035,0.28,0.085,0.145,0.1,0.41,0,0.26,0.3,0.215,0.065"
